INSERT INTO time_oltp\:company (company_id, name, passcode, is_deleted, creation_date, creation_user, modification_date, modification_user) VALUES (30000001, 'Company 1', 'PASSCODE 1(30000001)', 0, CURRENT, 132456, CURRENT, 132456);
INSERT INTO time_oltp\:payment_terms (payment_terms_id, description, creation_date, creation_user, modification_date, modification_user, active, term) VALUES (30000001, 'Payment Terms 1', CURRENT, 132456, CURRENT, 132456, 1, 1);
INSERT INTO time_oltp\:client (client_id, name, company_id, payment_term_id, status, salestax, start_date, end_date, code_name, is_deleted, client_status_id, creation_date, creation_user, modification_date, modification_user) VALUES (30000001, 'Client 30000001', 30000001, 30000001, 1, 16.0, '2015-01-05 18:43:21', '2015-01-15 18:43:21', 'CodeName 1', 0, 1, CURRENT, 132456, CURRENT, 132456);
INSERT INTO tcs_catalog\:customer_administrator VALUES(1000, 124853, 30000001);
INSERT INTO time_oltp\:client (client_id, name, company_id, payment_term_id, status, salestax, start_date, end_date, code_name, is_deleted, client_status_id, creation_date, creation_user, modification_date, modification_user) VALUES (30000002, 'Client 30000002', 30000001, 30000001, 1, 39.0, '2014-12-31 18:43:21', '2015-01-15 18:43:21', 'CodeName 2', 0, 1, CURRENT, 132456, CURRENT, 132456);
INSERT INTO tcs_catalog\:customer_administrator VALUES(1001, 21, 30000002);
INSERT INTO time_oltp\:client (client_id, name, company_id, payment_term_id, status, salestax, start_date, end_date, code_name, is_deleted, client_status_id, creation_date, creation_user, modification_date, modification_user) VALUES (30000003, 'Client 30000003', 30000001, 30000001, 1, 21.0, '2014-12-31 18:43:21', '2015-01-15 18:43:21', 'CodeName 3', 0, 1, CURRENT, 132456, CURRENT, 132456);
INSERT INTO tcs_catalog\:customer_administrator VALUES(1002, 124836, 30000003);
INSERT INTO time_oltp\:project (project_id, company_id, name, active, sales_tax, po_box_number, payment_terms_id, description, start_date, end_date, project_status_id, client_id, parent_project_id, is_deleted, is_manual_prize_setting, budget, creation_date, creation_user, modification_date, modification_user) VALUES (30000001, 30000001, 'Client 30000001 Major Billing Account 1', 1, 28.0, 'PO BOX 30000001', 30000001, 'Client 30000001 Billing Account 1', '2014-12-28 18:43:21', '2019-12-03 18:43:21', 1, 30000001, null, 0, 0, 61303.0, CURRENT, 132456, CURRENT, 132456);
INSERT INTO time_oltp\:client_project (client_id, project_id, creation_date, creation_user, modification_date, modification_user) VALUES (30000001, 30000001, CURRENT, 132456, CURRENT, 132456);
INSERT INTO time_oltp\:project (project_id, company_id, name, active, sales_tax, po_box_number, payment_terms_id, description, start_date, end_date, project_status_id, client_id, parent_project_id, is_deleted, is_manual_prize_setting, budget, creation_date, creation_user, modification_date, modification_user) VALUES (30000002, 30000001, 'Client 30000001 Minor Billing Account 2', 1, 27.0, 'PO BOX 30000002', 30000001, 'Client 30000001 Secret Billing Account 2', '2014-12-31 18:43:21', '2019-06-03 18:43:21', 1, 30000001, null, 0, 0, 97258.0, CURRENT, 132456, CURRENT, 132456);
INSERT INTO time_oltp\:client_project (client_id, project_id, creation_date, creation_user, modification_date, modification_user) VALUES (30000001, 30000002, CURRENT, 132456, CURRENT, 132456);
INSERT INTO time_oltp\:project (project_id, company_id, name, active, sales_tax, po_box_number, payment_terms_id, description, start_date, end_date, project_status_id, client_id, parent_project_id, is_deleted, is_manual_prize_setting, budget, creation_date, creation_user, modification_date, modification_user) VALUES (30000003, 30000001, 'Client 30000001 Secret Billing Account 3', 1, 34.0, 'PO BOX 30000003', 30000001, 'Client 30000001 Credit Card Billing Account 3', '2014-12-29 18:43:21', '2020-06-01 18:43:21', 1, 30000001, null, 0, 0, 30727.0, CURRENT, 132456, CURRENT, 132456);
INSERT INTO time_oltp\:client_project (client_id, project_id, creation_date, creation_user, modification_date, modification_user) VALUES (30000001, 30000003, CURRENT, 132456, CURRENT, 132456);
INSERT INTO time_oltp\:project (project_id, company_id, name, active, sales_tax, po_box_number, payment_terms_id, description, start_date, end_date, project_status_id, client_id, parent_project_id, is_deleted, is_manual_prize_setting, budget, creation_date, creation_user, modification_date, modification_user) VALUES (30000004, 30000001, 'Client 30000002 Billing Account 1', 1, 10.0, 'PO BOX 30000004', 30000001, 'Client 30000002 Major Billing Account 1', '2014-12-30 18:43:21', '2019-10-08 18:43:21', 1, 30000002, null, 0, 0, 32091.0, CURRENT, 132456, CURRENT, 132456);
INSERT INTO time_oltp\:client_project (client_id, project_id, creation_date, creation_user, modification_date, modification_user) VALUES (30000002, 30000004, CURRENT, 132456, CURRENT, 132456);
INSERT INTO time_oltp\:project (project_id, company_id, name, active, sales_tax, po_box_number, payment_terms_id, description, start_date, end_date, project_status_id, client_id, parent_project_id, is_deleted, is_manual_prize_setting, budget, creation_date, creation_user, modification_date, modification_user) VALUES (30000005, 30000001, 'Client 30000002 Secret Billing Account 2', 1, 10.0, 'PO BOX 30000005', 30000001, 'Client 30000002 Minor Billing Account 2', '2014-12-30 18:43:21', '2018-04-09 18:43:21', 1, 30000002, null, 0, 0, 16580.0, CURRENT, 132456, CURRENT, 132456);
INSERT INTO time_oltp\:client_project (client_id, project_id, creation_date, creation_user, modification_date, modification_user) VALUES (30000002, 30000005, CURRENT, 132456, CURRENT, 132456);
INSERT INTO time_oltp\:project (project_id, company_id, name, active, sales_tax, po_box_number, payment_terms_id, description, start_date, end_date, project_status_id, client_id, parent_project_id, is_deleted, is_manual_prize_setting, budget, creation_date, creation_user, modification_date, modification_user) VALUES (30000006, 30000001, 'Client 30000003 Billing Account 1', 1, 14.0, 'PO BOX 30000006', 30000001, 'Client 30000003 Billing Account 1', '2014-12-30 18:43:21', '2019-12-12 18:43:21', 1, 30000003, null, 0, 0, 30433.0, CURRENT, 132456, CURRENT, 132456);
INSERT INTO time_oltp\:client_project (client_id, project_id, creation_date, creation_user, modification_date, modification_user) VALUES (30000003, 30000006, CURRENT, 132456, CURRENT, 132456);
INSERT INTO time_oltp\:project (project_id, company_id, name, active, sales_tax, po_box_number, payment_terms_id, description, start_date, end_date, project_status_id, client_id, parent_project_id, is_deleted, is_manual_prize_setting, budget, creation_date, creation_user, modification_date, modification_user) VALUES (30000007, 30000001, 'Client 30000003 Secret Billing Account 2', 1, 25.0, 'PO BOX 30000007', 30000001, 'Client 30000003 Billing Account 2', '2015-01-04 18:43:21', '2019-05-23 18:43:21', 1, 30000003, null, 0, 0, 51476.0, CURRENT, 132456, CURRENT, 132456);
INSERT INTO time_oltp\:client_project (client_id, project_id, creation_date, creation_user, modification_date, modification_user) VALUES (30000003, 30000007, CURRENT, 132456, CURRENT, 132456);
INSERT INTO time_oltp\:user_account (user_account_id, company_id, account_status_id, user_name, password, creation_date, creation_user, modification_date, modification_user) VALUES (30000001, 30000001, 1, 'heffan', 'password', CURRENT, 132456, CURRENT, 132456);
INSERT INTO time_oltp\:user_account (user_account_id, company_id, account_status_id, user_name, password, creation_date, creation_user, modification_date, modification_user) VALUES (30000002, 30000001, 1, 'user', 'password', CURRENT, 132456, CURRENT, 132456);
INSERT INTO time_oltp\:user_account (user_account_id, company_id, account_status_id, user_name, password, creation_date, creation_user, modification_date, modification_user) VALUES (30000003, 30000001, 1, 'Yoshi', 'password', CURRENT, 132456, CURRENT, 132456);
INSERT INTO time_oltp\:project_manager (project_id, user_account_id, pay_rate, cost, active, creation_date, creation_user, modification_date, modification_user) VALUES (30000001, 30000001, 13.0, 505.0, 1, CURRENT, 132456, CURRENT, 132456);
INSERT INTO time_oltp\:project_manager (project_id, user_account_id, pay_rate, cost, active, creation_date, creation_user, modification_date, modification_user) VALUES (30000002, 30000001, 25.0, 713.0, 1, CURRENT, 132456, CURRENT, 132456);
INSERT INTO time_oltp\:project_manager (project_id, user_account_id, pay_rate, cost, active, creation_date, creation_user, modification_date, modification_user) VALUES (30000003, 30000001, 12.0, 671.0, 1, CURRENT, 132456, CURRENT, 132456);
INSERT INTO time_oltp\:project_manager (project_id, user_account_id, pay_rate, cost, active, creation_date, creation_user, modification_date, modification_user) VALUES (30000004, 30000001, 80.0, 494.0, 1, CURRENT, 132456, CURRENT, 132456);
INSERT INTO time_oltp\:project_manager (project_id, user_account_id, pay_rate, cost, active, creation_date, creation_user, modification_date, modification_user) VALUES (30000005, 30000001, 58.0, 36.0, 1, CURRENT, 132456, CURRENT, 132456);
INSERT INTO time_oltp\:project_manager (project_id, user_account_id, pay_rate, cost, active, creation_date, creation_user, modification_date, modification_user) VALUES (30000006, 30000001, 26.0, 740.0, 1, CURRENT, 132456, CURRENT, 132456);
INSERT INTO time_oltp\:project_manager (project_id, user_account_id, pay_rate, cost, active, creation_date, creation_user, modification_date, modification_user) VALUES (30000007, 30000001, 88.0, 650.0, 1, CURRENT, 132456, CURRENT, 132456);
INSERT INTO time_oltp\:project_worker (project_id, user_account_id, pay_rate, cost, active, start_date, end_date,creation_date, creation_user, modification_date, modification_user) VALUES (30000001, 30000002, 87.0, 698.0, 1, '2014-12-28 18:43:21', '2019-12-03 18:43:21', CURRENT, 132456, CURRENT, 132456);
INSERT INTO time_oltp\:project_worker (project_id, user_account_id, pay_rate, cost, active, start_date, end_date,creation_date, creation_user, modification_date, modification_user) VALUES (30000001, 30000003, 92.0, 116.0, 1, '2014-12-28 18:43:21', '2019-12-03 18:43:21', CURRENT, 132456, CURRENT, 132456);
INSERT INTO time_oltp\:project_worker (project_id, user_account_id, pay_rate, cost, active, start_date, end_date,creation_date, creation_user, modification_date, modification_user) VALUES (30000002, 30000002, 20.0, 79.0, 1, '2014-12-31 18:43:21', '2019-06-03 18:43:21', CURRENT, 132456, CURRENT, 132456);
INSERT INTO time_oltp\:project_worker (project_id, user_account_id, pay_rate, cost, active, start_date, end_date,creation_date, creation_user, modification_date, modification_user) VALUES (30000002, 30000003, 83.0, 807.0, 1, '2014-12-31 18:43:21', '2019-06-03 18:43:21', CURRENT, 132456, CURRENT, 132456);
INSERT INTO time_oltp\:project_worker (project_id, user_account_id, pay_rate, cost, active, start_date, end_date,creation_date, creation_user, modification_date, modification_user) VALUES (30000003, 30000002, 98.0, 488.0, 1, '2014-12-29 18:43:21', '2020-06-01 18:43:21', CURRENT, 132456, CURRENT, 132456);
INSERT INTO time_oltp\:project_worker (project_id, user_account_id, pay_rate, cost, active, start_date, end_date,creation_date, creation_user, modification_date, modification_user) VALUES (30000003, 30000003, 56.0, 255.0, 1, '2014-12-29 18:43:21', '2020-06-01 18:43:21', CURRENT, 132456, CURRENT, 132456);
INSERT INTO time_oltp\:project_worker (project_id, user_account_id, pay_rate, cost, active, start_date, end_date,creation_date, creation_user, modification_date, modification_user) VALUES (30000004, 30000002, 60.0, 131.0, 1, '2014-12-30 18:43:21', '2019-10-08 18:43:21', CURRENT, 132456, CURRENT, 132456);
INSERT INTO time_oltp\:project_worker (project_id, user_account_id, pay_rate, cost, active, start_date, end_date,creation_date, creation_user, modification_date, modification_user) VALUES (30000004, 30000003, 22.0, 629.0, 1, '2014-12-30 18:43:21', '2019-10-08 18:43:21', CURRENT, 132456, CURRENT, 132456);
INSERT INTO time_oltp\:project_worker (project_id, user_account_id, pay_rate, cost, active, start_date, end_date,creation_date, creation_user, modification_date, modification_user) VALUES (30000005, 30000002, 89.0, 340.0, 1, '2014-12-30 18:43:21', '2018-04-09 18:43:21', CURRENT, 132456, CURRENT, 132456);
INSERT INTO time_oltp\:project_worker (project_id, user_account_id, pay_rate, cost, active, start_date, end_date,creation_date, creation_user, modification_date, modification_user) VALUES (30000005, 30000003, 48.0, 822.0, 1, '2014-12-30 18:43:21', '2018-04-09 18:43:21', CURRENT, 132456, CURRENT, 132456);
INSERT INTO time_oltp\:project_worker (project_id, user_account_id, pay_rate, cost, active, start_date, end_date,creation_date, creation_user, modification_date, modification_user) VALUES (30000006, 30000002, 16.0, 124.0, 1, '2014-12-30 18:43:21', '2019-12-12 18:43:21', CURRENT, 132456, CURRENT, 132456);
INSERT INTO time_oltp\:project_worker (project_id, user_account_id, pay_rate, cost, active, start_date, end_date,creation_date, creation_user, modification_date, modification_user) VALUES (30000006, 30000003, 17.0, 312.0, 1, '2014-12-30 18:43:21', '2019-12-12 18:43:21', CURRENT, 132456, CURRENT, 132456);
INSERT INTO time_oltp\:project_worker (project_id, user_account_id, pay_rate, cost, active, start_date, end_date,creation_date, creation_user, modification_date, modification_user) VALUES (30000007, 30000002, 80.0, 314.0, 1, '2015-01-04 18:43:21', '2019-05-23 18:43:21', CURRENT, 132456, CURRENT, 132456);
INSERT INTO time_oltp\:project_worker (project_id, user_account_id, pay_rate, cost, active, start_date, end_date,creation_date, creation_user, modification_date, modification_user) VALUES (30000007, 30000003, 44.0, 833.0, 1, '2015-01-04 18:43:21', '2019-05-23 18:43:21', CURRENT, 132456, CURRENT, 132456);
INSERT INTO corporate_oltp\:tc_direct_project (project_id, name, description, project_status_id, user_id, create_date, modify_date) VALUES (30000001, 'Client 30000001 Billing Account 1 Web Application Project 1', 'Client 30000001 Billing Account 1 Project 1', 1, 132458, CURRENT, CURRENT);
INSERT INTO corporate_oltp\:direct_project_account(direct_project_account_id, project_id, billing_account_id) VALUES(1000, 30000001, 30000001);
INSERT INTO corporate_oltp\:direct_project_account(direct_project_account_id, project_id, billing_account_id) VALUES(2000, 30000001, 30000002);
INSERT INTO corporate_oltp\:direct_project_account(direct_project_account_id, project_id, billing_account_id) VALUES(2100, 30000001, 30000003);
INSERT INTO corporate_oltp\:tc_direct_project (project_id, name, description, project_status_id, user_id, create_date, modify_date) VALUES (30000002, 'Client 30000001 Billing Account 1 Mobile Project 2', 'Client 30000001 Billing Account 1 Project 2', 1, 124916, CURRENT, CURRENT);
INSERT INTO corporate_oltp\:direct_project_account(direct_project_account_id, project_id, billing_account_id) VALUES(1001, 30000002, 30000001);
INSERT INTO corporate_oltp\:tc_direct_project (project_id, name, description, project_status_id, user_id, create_date, modify_date) VALUES (30000003, 'Client 30000001 Billing Account 1 TopCoder Project 3', 'Client 30000001 Billing Account 1 Project 3', 1, 132456, CURRENT, CURRENT);
INSERT INTO corporate_oltp\:direct_project_account(direct_project_account_id, project_id, billing_account_id) VALUES(1002, 30000003, 30000001);
INSERT INTO corporate_oltp\:tc_direct_project (project_id, name, description, project_status_id, user_id, create_date, modify_date) VALUES (30000004, 'Client 30000001 Billing Account 2 Business Project 1', 'Client 30000001 Billing Account 2 Project 1', 1, 132458, CURRENT, CURRENT);
INSERT INTO corporate_oltp\:direct_project_account(direct_project_account_id, project_id, billing_account_id) VALUES(1003, 30000004, 30000002);
INSERT INTO corporate_oltp\:tc_direct_project (project_id, name, description, project_status_id, user_id, create_date, modify_date) VALUES (30000005, 'Client 30000001 Billing Account 2 Studio Design Project 2', 'Client 30000001 Billing Account 2 Project 2', 1, 124916, CURRENT, CURRENT);
INSERT INTO corporate_oltp\:direct_project_account(direct_project_account_id, project_id, billing_account_id) VALUES(1004, 30000005, 30000002);
INSERT INTO corporate_oltp\:tc_direct_project (project_id, name, description, project_status_id, user_id, create_date, modify_date) VALUES (30000006, 'Client 30000001 Billing Account 2 REST API Project 3', 'Client 30000001 Billing Account 2 Project 3', 1, 132456, CURRENT, CURRENT);
INSERT INTO corporate_oltp\:direct_project_account(direct_project_account_id, project_id, billing_account_id) VALUES(1005, 30000006, 30000002);
INSERT INTO corporate_oltp\:tc_direct_project (project_id, name, description, project_status_id, user_id, create_date, modify_date) VALUES (30000007, 'Client 30000001 Billing Account 3 Web API Project 1', 'Client 30000001 Billing Account 3 Project 1', 1, 132458, CURRENT, CURRENT);
INSERT INTO corporate_oltp\:direct_project_account(direct_project_account_id, project_id, billing_account_id) VALUES(1006, 30000007, 30000003);
INSERT INTO corporate_oltp\:tc_direct_project (project_id, name, description, project_status_id, user_id, create_date, modify_date) VALUES (30000008, 'Client 30000001 Billing Account 3 Good Project 2', 'Client 30000001 Billing Account 3 Project 2', 1, 124916, CURRENT, CURRENT);
INSERT INTO corporate_oltp\:direct_project_account(direct_project_account_id, project_id, billing_account_id) VALUES(1007, 30000008, 30000003);
INSERT INTO corporate_oltp\:tc_direct_project (project_id, name, description, project_status_id, user_id, create_date, modify_date) VALUES (30000009, 'Client 30000001 Billing Account 3 Bad Project 3', 'Client 30000001 Billing Account 3 Project 3', 1, 132456, CURRENT, CURRENT);
INSERT INTO corporate_oltp\:direct_project_account(direct_project_account_id, project_id, billing_account_id) VALUES(1008, 30000009, 30000003);
INSERT INTO corporate_oltp\:tc_direct_project (project_id, name, description, project_status_id, user_id, create_date, modify_date) VALUES (30000010, 'Client 30000002 Billing Account 1 Project 1', 'Client 30000002 Billing Account 1 Project 1', 1, 132458, CURRENT, CURRENT);
INSERT INTO corporate_oltp\:direct_project_account(direct_project_account_id, project_id, billing_account_id) VALUES(1009, 30000010, 30000004);
INSERT INTO corporate_oltp\:tc_direct_project (project_id, name, description, project_status_id, user_id, create_date, modify_date) VALUES (30000011, 'Client 30000002 Billing Account 1 Project 2', 'Client 30000002 Billing Account 1 Project 2', 1, 124916, CURRENT, CURRENT);
INSERT INTO corporate_oltp\:direct_project_account(direct_project_account_id, project_id, billing_account_id) VALUES(1010, 30000011, 30000004);
INSERT INTO corporate_oltp\:direct_project_account(direct_project_account_id, project_id, billing_account_id) VALUES(2010, 30000011, 30000005);
INSERT INTO corporate_oltp\:tc_direct_project (project_id, name, description, project_status_id, user_id, create_date, modify_date) VALUES (30000012, 'Client 30000002 Billing Account 1 Project 3', 'Client 30000002 Billing Account 1 Project 3', 1, 132456, CURRENT, CURRENT);
INSERT INTO corporate_oltp\:direct_project_account(direct_project_account_id, project_id, billing_account_id) VALUES(1011, 30000012, 30000004);
INSERT INTO corporate_oltp\:tc_direct_project (project_id, name, description, project_status_id, user_id, create_date, modify_date) VALUES (30000013, 'Client 30000002 Billing Account 2 Project 1', 'Client 30000002 Billing Account 2 Project 1', 1, 132458, CURRENT, CURRENT);
INSERT INTO corporate_oltp\:direct_project_account(direct_project_account_id, project_id, billing_account_id) VALUES(1012, 30000013, 30000005);
INSERT INTO corporate_oltp\:tc_direct_project (project_id, name, description, project_status_id, user_id, create_date, modify_date) VALUES (30000014, 'Client 30000002 Billing Account 2 Project 2', 'Client 30000002 Billing Account 2 Project 2', 1, 124916, CURRENT, CURRENT);
INSERT INTO corporate_oltp\:direct_project_account(direct_project_account_id, project_id, billing_account_id) VALUES(1013, 30000014, 30000005);
INSERT INTO corporate_oltp\:tc_direct_project (project_id, name, description, project_status_id, user_id, create_date, modify_date) VALUES (30000015, 'Client 30000002 Billing Account 2 Project 3', 'Client 30000002 Billing Account 2 Project 3', 1, 132456, CURRENT, CURRENT);
INSERT INTO corporate_oltp\:direct_project_account(direct_project_account_id, project_id, billing_account_id) VALUES(1014, 30000015, 30000005);
INSERT INTO corporate_oltp\:tc_direct_project (project_id, name, description, project_status_id, user_id, create_date, modify_date) VALUES (30000016, 'Client 30000003 Billing Account 1 Project 1', 'Client 30000003 Billing Account 1 Project 1', 1, 132458, CURRENT, CURRENT);
INSERT INTO corporate_oltp\:direct_project_account(direct_project_account_id, project_id, billing_account_id) VALUES(1015, 30000016, 30000006);
INSERT INTO corporate_oltp\:tc_direct_project (project_id, name, description, project_status_id, user_id, create_date, modify_date) VALUES (30000017, 'Client 30000003 Billing Account 1 Project 2', 'Client 30000003 Billing Account 1 Project 2', 1, 124916, CURRENT, CURRENT);
INSERT INTO corporate_oltp\:direct_project_account(direct_project_account_id, project_id, billing_account_id) VALUES(1016, 30000017, 30000006);
INSERT INTO corporate_oltp\:tc_direct_project (project_id, name, description, project_status_id, user_id, create_date, modify_date) VALUES (30000018, 'ZZ Client 30000003 Billing Account 1 Project 3', 'Client 30000003 Billing Account 1 Project 3', 1, 132456, CURRENT, CURRENT);
INSERT INTO corporate_oltp\:direct_project_account(direct_project_account_id, project_id, billing_account_id) VALUES(1017, 30000018, 30000006);
INSERT INTO corporate_oltp\:tc_direct_project (project_id, name, description, project_status_id, user_id, create_date, modify_date) VALUES (30000019, 'Client 30000003 Billing Account 2 Project 1', 'Client 30000003 Billing Account 2 Project 1', 1, 132458, CURRENT, CURRENT);
INSERT INTO corporate_oltp\:direct_project_account(direct_project_account_id, project_id, billing_account_id) VALUES(1018, 30000019, 30000007);
INSERT INTO corporate_oltp\:tc_direct_project (project_id, name, description, project_status_id, user_id, create_date, modify_date) VALUES (30000020, 'Client 30000003 Billing Account 2 Project 2', 'Client 30000003 Billing Account 2 Project 2', 1, 124916, CURRENT, CURRENT);
INSERT INTO corporate_oltp\:direct_project_account(direct_project_account_id, project_id, billing_account_id) VALUES(1019, 30000020, 30000007);
INSERT INTO corporate_oltp\:tc_direct_project (project_id, name, description, project_status_id, user_id, create_date, modify_date) VALUES (30000021, 'Client 30000003 Billing Account 2 Project 3', 'Client 30000003 Billing Account 2 Project 3', 1, 132456, CURRENT, CURRENT);
INSERT INTO corporate_oltp\:direct_project_account(direct_project_account_id, project_id, billing_account_id) VALUES(1020, 30000021, 30000007);
INSERT INTO corporate_oltp\:user_permission_grant (user_permission_grant_id, user_id, resource_id, permission_type_id, is_studio) VALUES (30000001, 132456, 30000001, 2, 0);
INSERT INTO corporate_oltp\:user_permission_grant (user_permission_grant_id, user_id, resource_id, permission_type_id, is_studio) VALUES (30000002, 132458, 30000001, 3, 0);
INSERT INTO corporate_oltp\:user_permission_grant (user_permission_grant_id, user_id, resource_id, permission_type_id, is_studio) VALUES (30000003, 124916, 30000001, 3, 0);
INSERT INTO corporate_oltp\:user_permission_grant (user_permission_grant_id, user_id, resource_id, permission_type_id, is_studio) VALUES (30000004, 124836, 30000001, 0, 0);
INSERT INTO corporate_oltp\:user_permission_grant (user_permission_grant_id, user_id, resource_id, permission_type_id, is_studio) VALUES (30000005, 124861, 30000001, 2, 0);
INSERT INTO corporate_oltp\:user_permission_grant (user_permission_grant_id, user_id, resource_id, permission_type_id, is_studio) VALUES (30000006, 124764, 30000001, 2, 0);
INSERT INTO corporate_oltp\:user_permission_grant (user_permission_grant_id, user_id, resource_id, permission_type_id, is_studio) VALUES (30000007, 124852, 30000001, 1, 0);
INSERT INTO corporate_oltp\:user_permission_grant (user_permission_grant_id, user_id, resource_id, permission_type_id, is_studio) VALUES (30000008, 124776, 30000001, 3, 0);
INSERT INTO corporate_oltp\:user_permission_grant (user_permission_grant_id, user_id, resource_id, permission_type_id, is_studio) VALUES (30000009, 132457, 30000001, 2, 0);
INSERT INTO corporate_oltp\:user_permission_grant (user_permission_grant_id, user_id, resource_id, permission_type_id, is_studio) VALUES (30000010, 124856, 30000001, 0, 0);
INSERT INTO corporate_oltp\:user_permission_grant (user_permission_grant_id, user_id, resource_id, permission_type_id, is_studio) VALUES (30000011, 124857, 30000001, 3, 0);
INSERT INTO corporate_oltp\:user_permission_grant (user_permission_grant_id, user_id, resource_id, permission_type_id, is_studio) VALUES (30000012, 132456, 30000002, 0, 0);
INSERT INTO corporate_oltp\:user_permission_grant (user_permission_grant_id, user_id, resource_id, permission_type_id, is_studio) VALUES (30000013, 132458, 30000002, 0, 0);
INSERT INTO corporate_oltp\:user_permission_grant (user_permission_grant_id, user_id, resource_id, permission_type_id, is_studio) VALUES (30000014, 124916, 30000002, 3, 0);
INSERT INTO corporate_oltp\:user_permission_grant (user_permission_grant_id, user_id, resource_id, permission_type_id, is_studio) VALUES (30000015, 124836, 30000002, 3, 0);
INSERT INTO corporate_oltp\:user_permission_grant (user_permission_grant_id, user_id, resource_id, permission_type_id, is_studio) VALUES (30000016, 124861, 30000002, 0, 0);
INSERT INTO corporate_oltp\:user_permission_grant (user_permission_grant_id, user_id, resource_id, permission_type_id, is_studio) VALUES (30000017, 124764, 30000002, 1, 0);
INSERT INTO corporate_oltp\:user_permission_grant (user_permission_grant_id, user_id, resource_id, permission_type_id, is_studio) VALUES (30000018, 124852, 30000002, 2, 0);
INSERT INTO corporate_oltp\:user_permission_grant (user_permission_grant_id, user_id, resource_id, permission_type_id, is_studio) VALUES (30000019, 124776, 30000002, 2, 0);
INSERT INTO corporate_oltp\:user_permission_grant (user_permission_grant_id, user_id, resource_id, permission_type_id, is_studio) VALUES (30000020, 132457, 30000002, 1, 0);
INSERT INTO corporate_oltp\:user_permission_grant (user_permission_grant_id, user_id, resource_id, permission_type_id, is_studio) VALUES (30000021, 124856, 30000002, 3, 0);
INSERT INTO corporate_oltp\:user_permission_grant (user_permission_grant_id, user_id, resource_id, permission_type_id, is_studio) VALUES (30000022, 124857, 30000002, 1, 0);
INSERT INTO corporate_oltp\:user_permission_grant (user_permission_grant_id, user_id, resource_id, permission_type_id, is_studio) VALUES (30000023, 132456, 30000003, 3, 0);
INSERT INTO corporate_oltp\:user_permission_grant (user_permission_grant_id, user_id, resource_id, permission_type_id, is_studio) VALUES (30000024, 132458, 30000003, 2, 0);
INSERT INTO corporate_oltp\:user_permission_grant (user_permission_grant_id, user_id, resource_id, permission_type_id, is_studio) VALUES (30000025, 124916, 30000003, 2, 0);
INSERT INTO corporate_oltp\:user_permission_grant (user_permission_grant_id, user_id, resource_id, permission_type_id, is_studio) VALUES (30000026, 124836, 30000003, 3, 0);
INSERT INTO corporate_oltp\:user_permission_grant (user_permission_grant_id, user_id, resource_id, permission_type_id, is_studio) VALUES (30000027, 124861, 30000003, 3, 0);
INSERT INTO corporate_oltp\:user_permission_grant (user_permission_grant_id, user_id, resource_id, permission_type_id, is_studio) VALUES (30000028, 124764, 30000003, 2, 0);
INSERT INTO corporate_oltp\:user_permission_grant (user_permission_grant_id, user_id, resource_id, permission_type_id, is_studio) VALUES (30000029, 124852, 30000003, 2, 0);
INSERT INTO corporate_oltp\:user_permission_grant (user_permission_grant_id, user_id, resource_id, permission_type_id, is_studio) VALUES (30000030, 124776, 30000003, 2, 0);
INSERT INTO corporate_oltp\:user_permission_grant (user_permission_grant_id, user_id, resource_id, permission_type_id, is_studio) VALUES (30000031, 132457, 30000003, 3, 0);
INSERT INTO corporate_oltp\:user_permission_grant (user_permission_grant_id, user_id, resource_id, permission_type_id, is_studio) VALUES (30000032, 124856, 30000003, 3, 0);
INSERT INTO corporate_oltp\:user_permission_grant (user_permission_grant_id, user_id, resource_id, permission_type_id, is_studio) VALUES (30000033, 124857, 30000003, 0, 0);
INSERT INTO corporate_oltp\:user_permission_grant (user_permission_grant_id, user_id, resource_id, permission_type_id, is_studio) VALUES (30000034, 132456, 30000004, 1, 0);
INSERT INTO corporate_oltp\:user_permission_grant (user_permission_grant_id, user_id, resource_id, permission_type_id, is_studio) VALUES (30000035, 132458, 30000004, 3, 0);
INSERT INTO corporate_oltp\:user_permission_grant (user_permission_grant_id, user_id, resource_id, permission_type_id, is_studio) VALUES (30000036, 124916, 30000004, 1, 0);
INSERT INTO corporate_oltp\:user_permission_grant (user_permission_grant_id, user_id, resource_id, permission_type_id, is_studio) VALUES (30000037, 124836, 30000004, 2, 0);
INSERT INTO corporate_oltp\:user_permission_grant (user_permission_grant_id, user_id, resource_id, permission_type_id, is_studio) VALUES (30000038, 124861, 30000004, 2, 0);
INSERT INTO corporate_oltp\:user_permission_grant (user_permission_grant_id, user_id, resource_id, permission_type_id, is_studio) VALUES (30000039, 124764, 30000004, 3, 0);
INSERT INTO corporate_oltp\:user_permission_grant (user_permission_grant_id, user_id, resource_id, permission_type_id, is_studio) VALUES (30000040, 124852, 30000004, 0, 0);
INSERT INTO corporate_oltp\:user_permission_grant (user_permission_grant_id, user_id, resource_id, permission_type_id, is_studio) VALUES (30000041, 124776, 30000004, 3, 0);
INSERT INTO corporate_oltp\:user_permission_grant (user_permission_grant_id, user_id, resource_id, permission_type_id, is_studio) VALUES (30000042, 132457, 30000004, 0, 0);
INSERT INTO corporate_oltp\:user_permission_grant (user_permission_grant_id, user_id, resource_id, permission_type_id, is_studio) VALUES (30000043, 124856, 30000004, 0, 0);
INSERT INTO corporate_oltp\:user_permission_grant (user_permission_grant_id, user_id, resource_id, permission_type_id, is_studio) VALUES (30000044, 124857, 30000004, 1, 0);
INSERT INTO corporate_oltp\:user_permission_grant (user_permission_grant_id, user_id, resource_id, permission_type_id, is_studio) VALUES (30000045, 132456, 30000005, 2, 0);
INSERT INTO corporate_oltp\:user_permission_grant (user_permission_grant_id, user_id, resource_id, permission_type_id, is_studio) VALUES (30000046, 132458, 30000005, 3, 0);
INSERT INTO corporate_oltp\:user_permission_grant (user_permission_grant_id, user_id, resource_id, permission_type_id, is_studio) VALUES (30000047, 124916, 30000005, 3, 0);
INSERT INTO corporate_oltp\:user_permission_grant (user_permission_grant_id, user_id, resource_id, permission_type_id, is_studio) VALUES (30000048, 124836, 30000005, 0, 0);
INSERT INTO corporate_oltp\:user_permission_grant (user_permission_grant_id, user_id, resource_id, permission_type_id, is_studio) VALUES (30000049, 124861, 30000005, 1, 0);
INSERT INTO corporate_oltp\:user_permission_grant (user_permission_grant_id, user_id, resource_id, permission_type_id, is_studio) VALUES (30000050, 124764, 30000005, 1, 0);
INSERT INTO corporate_oltp\:user_permission_grant (user_permission_grant_id, user_id, resource_id, permission_type_id, is_studio) VALUES (30000051, 124852, 30000005, 0, 0);
INSERT INTO corporate_oltp\:user_permission_grant (user_permission_grant_id, user_id, resource_id, permission_type_id, is_studio) VALUES (30000052, 124776, 30000005, 2, 0);
INSERT INTO corporate_oltp\:user_permission_grant (user_permission_grant_id, user_id, resource_id, permission_type_id, is_studio) VALUES (30000053, 132457, 30000005, 2, 0);
INSERT INTO corporate_oltp\:user_permission_grant (user_permission_grant_id, user_id, resource_id, permission_type_id, is_studio) VALUES (30000054, 124856, 30000005, 2, 0);
INSERT INTO corporate_oltp\:user_permission_grant (user_permission_grant_id, user_id, resource_id, permission_type_id, is_studio) VALUES (30000055, 124857, 30000005, 3, 0);
INSERT INTO corporate_oltp\:user_permission_grant (user_permission_grant_id, user_id, resource_id, permission_type_id, is_studio) VALUES (30000056, 132456, 30000006, 3, 0);
INSERT INTO corporate_oltp\:user_permission_grant (user_permission_grant_id, user_id, resource_id, permission_type_id, is_studio) VALUES (30000057, 132458, 30000006, 2, 0);
INSERT INTO corporate_oltp\:user_permission_grant (user_permission_grant_id, user_id, resource_id, permission_type_id, is_studio) VALUES (30000058, 124916, 30000006, 3, 0);
INSERT INTO corporate_oltp\:user_permission_grant (user_permission_grant_id, user_id, resource_id, permission_type_id, is_studio) VALUES (30000059, 124836, 30000006, 1, 0);
INSERT INTO corporate_oltp\:user_permission_grant (user_permission_grant_id, user_id, resource_id, permission_type_id, is_studio) VALUES (30000060, 124861, 30000006, 1, 0);
INSERT INTO corporate_oltp\:user_permission_grant (user_permission_grant_id, user_id, resource_id, permission_type_id, is_studio) VALUES (30000061, 124764, 30000006, 2, 0);
INSERT INTO corporate_oltp\:user_permission_grant (user_permission_grant_id, user_id, resource_id, permission_type_id, is_studio) VALUES (30000062, 124852, 30000006, 0, 0);
INSERT INTO corporate_oltp\:user_permission_grant (user_permission_grant_id, user_id, resource_id, permission_type_id, is_studio) VALUES (30000063, 124776, 30000006, 1, 0);
INSERT INTO corporate_oltp\:user_permission_grant (user_permission_grant_id, user_id, resource_id, permission_type_id, is_studio) VALUES (30000064, 132457, 30000006, 2, 0);
INSERT INTO corporate_oltp\:user_permission_grant (user_permission_grant_id, user_id, resource_id, permission_type_id, is_studio) VALUES (30000065, 124856, 30000006, 2, 0);
INSERT INTO corporate_oltp\:user_permission_grant (user_permission_grant_id, user_id, resource_id, permission_type_id, is_studio) VALUES (30000066, 124857, 30000006, 0, 0);
INSERT INTO corporate_oltp\:user_permission_grant (user_permission_grant_id, user_id, resource_id, permission_type_id, is_studio) VALUES (30000067, 132456, 30000007, 3, 0);
INSERT INTO corporate_oltp\:user_permission_grant (user_permission_grant_id, user_id, resource_id, permission_type_id, is_studio) VALUES (30000068, 132458, 30000007, 3, 0);
INSERT INTO corporate_oltp\:user_permission_grant (user_permission_grant_id, user_id, resource_id, permission_type_id, is_studio) VALUES (30000069, 124916, 30000007, 1, 0);
INSERT INTO corporate_oltp\:user_permission_grant (user_permission_grant_id, user_id, resource_id, permission_type_id, is_studio) VALUES (30000070, 124836, 30000007, 1, 0);
INSERT INTO corporate_oltp\:user_permission_grant (user_permission_grant_id, user_id, resource_id, permission_type_id, is_studio) VALUES (30000071, 124861, 30000007, 1, 0);
INSERT INTO corporate_oltp\:user_permission_grant (user_permission_grant_id, user_id, resource_id, permission_type_id, is_studio) VALUES (30000072, 124764, 30000007, 1, 0);
INSERT INTO corporate_oltp\:user_permission_grant (user_permission_grant_id, user_id, resource_id, permission_type_id, is_studio) VALUES (30000073, 124852, 30000007, 1, 0);
INSERT INTO corporate_oltp\:user_permission_grant (user_permission_grant_id, user_id, resource_id, permission_type_id, is_studio) VALUES (30000074, 124776, 30000007, 1, 0);
INSERT INTO corporate_oltp\:user_permission_grant (user_permission_grant_id, user_id, resource_id, permission_type_id, is_studio) VALUES (30000075, 132457, 30000007, 2, 0);
INSERT INTO corporate_oltp\:user_permission_grant (user_permission_grant_id, user_id, resource_id, permission_type_id, is_studio) VALUES (30000076, 124856, 30000007, 1, 0);
INSERT INTO corporate_oltp\:user_permission_grant (user_permission_grant_id, user_id, resource_id, permission_type_id, is_studio) VALUES (30000077, 124857, 30000007, 3, 0);
INSERT INTO corporate_oltp\:user_permission_grant (user_permission_grant_id, user_id, resource_id, permission_type_id, is_studio) VALUES (30000078, 132456, 30000008, 2, 0);
INSERT INTO corporate_oltp\:user_permission_grant (user_permission_grant_id, user_id, resource_id, permission_type_id, is_studio) VALUES (30000079, 132458, 30000008, 1, 0);
INSERT INTO corporate_oltp\:user_permission_grant (user_permission_grant_id, user_id, resource_id, permission_type_id, is_studio) VALUES (30000080, 124916, 30000008, 3, 0);
INSERT INTO corporate_oltp\:user_permission_grant (user_permission_grant_id, user_id, resource_id, permission_type_id, is_studio) VALUES (30000081, 124836, 30000008, 0, 0);
INSERT INTO corporate_oltp\:user_permission_grant (user_permission_grant_id, user_id, resource_id, permission_type_id, is_studio) VALUES (30000082, 124861, 30000008, 2, 0);
INSERT INTO corporate_oltp\:user_permission_grant (user_permission_grant_id, user_id, resource_id, permission_type_id, is_studio) VALUES (30000083, 124764, 30000008, 1, 0);
INSERT INTO corporate_oltp\:user_permission_grant (user_permission_grant_id, user_id, resource_id, permission_type_id, is_studio) VALUES (30000084, 124852, 30000008, 0, 0);
INSERT INTO corporate_oltp\:user_permission_grant (user_permission_grant_id, user_id, resource_id, permission_type_id, is_studio) VALUES (30000085, 124776, 30000008, 3, 0);
INSERT INTO corporate_oltp\:user_permission_grant (user_permission_grant_id, user_id, resource_id, permission_type_id, is_studio) VALUES (30000086, 132457, 30000008, 0, 0);
INSERT INTO corporate_oltp\:user_permission_grant (user_permission_grant_id, user_id, resource_id, permission_type_id, is_studio) VALUES (30000087, 124856, 30000008, 3, 0);
INSERT INTO corporate_oltp\:user_permission_grant (user_permission_grant_id, user_id, resource_id, permission_type_id, is_studio) VALUES (30000088, 124857, 30000008, 1, 0);
INSERT INTO corporate_oltp\:user_permission_grant (user_permission_grant_id, user_id, resource_id, permission_type_id, is_studio) VALUES (30000089, 132456, 30000009, 3, 0);
INSERT INTO corporate_oltp\:user_permission_grant (user_permission_grant_id, user_id, resource_id, permission_type_id, is_studio) VALUES (30000090, 132458, 30000009, 2, 0);
INSERT INTO corporate_oltp\:user_permission_grant (user_permission_grant_id, user_id, resource_id, permission_type_id, is_studio) VALUES (30000091, 124916, 30000009, 0, 0);
INSERT INTO corporate_oltp\:user_permission_grant (user_permission_grant_id, user_id, resource_id, permission_type_id, is_studio) VALUES (30000092, 124836, 30000009, 0, 0);
INSERT INTO corporate_oltp\:user_permission_grant (user_permission_grant_id, user_id, resource_id, permission_type_id, is_studio) VALUES (30000093, 124861, 30000009, 1, 0);
INSERT INTO corporate_oltp\:user_permission_grant (user_permission_grant_id, user_id, resource_id, permission_type_id, is_studio) VALUES (30000094, 124764, 30000009, 3, 0);
INSERT INTO corporate_oltp\:user_permission_grant (user_permission_grant_id, user_id, resource_id, permission_type_id, is_studio) VALUES (30000095, 124852, 30000009, 1, 0);
INSERT INTO corporate_oltp\:user_permission_grant (user_permission_grant_id, user_id, resource_id, permission_type_id, is_studio) VALUES (30000096, 124776, 30000009, 0, 0);
INSERT INTO corporate_oltp\:user_permission_grant (user_permission_grant_id, user_id, resource_id, permission_type_id, is_studio) VALUES (30000097, 132457, 30000009, 3, 0);
INSERT INTO corporate_oltp\:user_permission_grant (user_permission_grant_id, user_id, resource_id, permission_type_id, is_studio) VALUES (30000098, 124856, 30000009, 0, 0);
INSERT INTO corporate_oltp\:user_permission_grant (user_permission_grant_id, user_id, resource_id, permission_type_id, is_studio) VALUES (30000099, 124857, 30000009, 2, 0);
INSERT INTO corporate_oltp\:user_permission_grant (user_permission_grant_id, user_id, resource_id, permission_type_id, is_studio) VALUES (30000100, 132456, 30000010, 2, 0);
INSERT INTO corporate_oltp\:user_permission_grant (user_permission_grant_id, user_id, resource_id, permission_type_id, is_studio) VALUES (30000101, 132458, 30000010, 3, 0);
INSERT INTO corporate_oltp\:user_permission_grant (user_permission_grant_id, user_id, resource_id, permission_type_id, is_studio) VALUES (30000102, 124916, 30000010, 3, 0);
INSERT INTO corporate_oltp\:user_permission_grant (user_permission_grant_id, user_id, resource_id, permission_type_id, is_studio) VALUES (30000103, 124836, 30000010, 1, 0);
INSERT INTO corporate_oltp\:user_permission_grant (user_permission_grant_id, user_id, resource_id, permission_type_id, is_studio) VALUES (30000104, 124861, 30000010, 0, 0);
INSERT INTO corporate_oltp\:user_permission_grant (user_permission_grant_id, user_id, resource_id, permission_type_id, is_studio) VALUES (30000105, 124764, 30000010, 0, 0);
INSERT INTO corporate_oltp\:user_permission_grant (user_permission_grant_id, user_id, resource_id, permission_type_id, is_studio) VALUES (30000106, 124852, 30000010, 3, 0);
INSERT INTO corporate_oltp\:user_permission_grant (user_permission_grant_id, user_id, resource_id, permission_type_id, is_studio) VALUES (30000107, 124776, 30000010, 1, 0);
INSERT INTO corporate_oltp\:user_permission_grant (user_permission_grant_id, user_id, resource_id, permission_type_id, is_studio) VALUES (30000108, 132457, 30000010, 1, 0);
INSERT INTO corporate_oltp\:user_permission_grant (user_permission_grant_id, user_id, resource_id, permission_type_id, is_studio) VALUES (30000109, 124856, 30000010, 0, 0);
INSERT INTO corporate_oltp\:user_permission_grant (user_permission_grant_id, user_id, resource_id, permission_type_id, is_studio) VALUES (30000110, 124857, 30000010, 1, 0);
INSERT INTO corporate_oltp\:user_permission_grant (user_permission_grant_id, user_id, resource_id, permission_type_id, is_studio) VALUES (30000111, 132456, 30000011, 2, 0);
INSERT INTO corporate_oltp\:user_permission_grant (user_permission_grant_id, user_id, resource_id, permission_type_id, is_studio) VALUES (30000112, 132458, 30000011, 2, 0);
INSERT INTO corporate_oltp\:user_permission_grant (user_permission_grant_id, user_id, resource_id, permission_type_id, is_studio) VALUES (30000113, 124916, 30000011, 3, 0);
INSERT INTO corporate_oltp\:user_permission_grant (user_permission_grant_id, user_id, resource_id, permission_type_id, is_studio) VALUES (30000114, 124836, 30000011, 0, 0);
INSERT INTO corporate_oltp\:user_permission_grant (user_permission_grant_id, user_id, resource_id, permission_type_id, is_studio) VALUES (30000115, 124861, 30000011, 3, 0);
INSERT INTO corporate_oltp\:user_permission_grant (user_permission_grant_id, user_id, resource_id, permission_type_id, is_studio) VALUES (30000116, 124764, 30000011, 0, 0);
INSERT INTO corporate_oltp\:user_permission_grant (user_permission_grant_id, user_id, resource_id, permission_type_id, is_studio) VALUES (30000117, 124852, 30000011, 3, 0);
INSERT INTO corporate_oltp\:user_permission_grant (user_permission_grant_id, user_id, resource_id, permission_type_id, is_studio) VALUES (30000118, 124776, 30000011, 3, 0);
INSERT INTO corporate_oltp\:user_permission_grant (user_permission_grant_id, user_id, resource_id, permission_type_id, is_studio) VALUES (30000119, 132457, 30000011, 2, 0);
INSERT INTO corporate_oltp\:user_permission_grant (user_permission_grant_id, user_id, resource_id, permission_type_id, is_studio) VALUES (30000120, 124856, 30000011, 0, 0);
INSERT INTO corporate_oltp\:user_permission_grant (user_permission_grant_id, user_id, resource_id, permission_type_id, is_studio) VALUES (30000121, 124857, 30000011, 2, 0);
INSERT INTO corporate_oltp\:user_permission_grant (user_permission_grant_id, user_id, resource_id, permission_type_id, is_studio) VALUES (30000122, 132456, 30000012, 3, 0);
INSERT INTO corporate_oltp\:user_permission_grant (user_permission_grant_id, user_id, resource_id, permission_type_id, is_studio) VALUES (30000123, 132458, 30000012, 0, 0);
INSERT INTO corporate_oltp\:user_permission_grant (user_permission_grant_id, user_id, resource_id, permission_type_id, is_studio) VALUES (30000124, 124916, 30000012, 0, 0);
INSERT INTO corporate_oltp\:user_permission_grant (user_permission_grant_id, user_id, resource_id, permission_type_id, is_studio) VALUES (30000125, 124836, 30000012, 3, 0);
INSERT INTO corporate_oltp\:user_permission_grant (user_permission_grant_id, user_id, resource_id, permission_type_id, is_studio) VALUES (30000126, 124861, 30000012, 2, 0);
INSERT INTO corporate_oltp\:user_permission_grant (user_permission_grant_id, user_id, resource_id, permission_type_id, is_studio) VALUES (30000127, 124764, 30000012, 2, 0);
INSERT INTO corporate_oltp\:user_permission_grant (user_permission_grant_id, user_id, resource_id, permission_type_id, is_studio) VALUES (30000128, 124852, 30000012, 1, 0);
INSERT INTO corporate_oltp\:user_permission_grant (user_permission_grant_id, user_id, resource_id, permission_type_id, is_studio) VALUES (30000129, 124776, 30000012, 0, 0);
INSERT INTO corporate_oltp\:user_permission_grant (user_permission_grant_id, user_id, resource_id, permission_type_id, is_studio) VALUES (30000130, 132457, 30000012, 3, 0);
INSERT INTO corporate_oltp\:user_permission_grant (user_permission_grant_id, user_id, resource_id, permission_type_id, is_studio) VALUES (30000131, 124856, 30000012, 2, 0);
INSERT INTO corporate_oltp\:user_permission_grant (user_permission_grant_id, user_id, resource_id, permission_type_id, is_studio) VALUES (30000132, 124857, 30000012, 0, 0);
INSERT INTO corporate_oltp\:user_permission_grant (user_permission_grant_id, user_id, resource_id, permission_type_id, is_studio) VALUES (30000133, 132456, 30000013, 3, 0);
INSERT INTO corporate_oltp\:user_permission_grant (user_permission_grant_id, user_id, resource_id, permission_type_id, is_studio) VALUES (30000134, 132458, 30000013, 3, 0);
INSERT INTO corporate_oltp\:user_permission_grant (user_permission_grant_id, user_id, resource_id, permission_type_id, is_studio) VALUES (30000135, 124916, 30000013, 2, 0);
INSERT INTO corporate_oltp\:user_permission_grant (user_permission_grant_id, user_id, resource_id, permission_type_id, is_studio) VALUES (30000136, 124836, 30000013, 0, 0);
INSERT INTO corporate_oltp\:user_permission_grant (user_permission_grant_id, user_id, resource_id, permission_type_id, is_studio) VALUES (30000137, 124861, 30000013, 1, 0);
INSERT INTO corporate_oltp\:user_permission_grant (user_permission_grant_id, user_id, resource_id, permission_type_id, is_studio) VALUES (30000138, 124764, 30000013, 2, 0);
INSERT INTO corporate_oltp\:user_permission_grant (user_permission_grant_id, user_id, resource_id, permission_type_id, is_studio) VALUES (30000139, 124852, 30000013, 0, 0);
INSERT INTO corporate_oltp\:user_permission_grant (user_permission_grant_id, user_id, resource_id, permission_type_id, is_studio) VALUES (30000140, 124776, 30000013, 2, 0);
INSERT INTO corporate_oltp\:user_permission_grant (user_permission_grant_id, user_id, resource_id, permission_type_id, is_studio) VALUES (30000141, 132457, 30000013, 2, 0);
INSERT INTO corporate_oltp\:user_permission_grant (user_permission_grant_id, user_id, resource_id, permission_type_id, is_studio) VALUES (30000142, 124856, 30000013, 3, 0);
INSERT INTO corporate_oltp\:user_permission_grant (user_permission_grant_id, user_id, resource_id, permission_type_id, is_studio) VALUES (30000143, 124857, 30000013, 3, 0);
INSERT INTO corporate_oltp\:user_permission_grant (user_permission_grant_id, user_id, resource_id, permission_type_id, is_studio) VALUES (30000144, 132456, 30000014, 0, 0);
INSERT INTO corporate_oltp\:user_permission_grant (user_permission_grant_id, user_id, resource_id, permission_type_id, is_studio) VALUES (30000145, 132458, 30000014, 3, 0);
INSERT INTO corporate_oltp\:user_permission_grant (user_permission_grant_id, user_id, resource_id, permission_type_id, is_studio) VALUES (30000146, 124916, 30000014, 3, 0);
INSERT INTO corporate_oltp\:user_permission_grant (user_permission_grant_id, user_id, resource_id, permission_type_id, is_studio) VALUES (30000147, 124836, 30000014, 2, 0);
INSERT INTO corporate_oltp\:user_permission_grant (user_permission_grant_id, user_id, resource_id, permission_type_id, is_studio) VALUES (30000148, 124861, 30000014, 0, 0);
INSERT INTO corporate_oltp\:user_permission_grant (user_permission_grant_id, user_id, resource_id, permission_type_id, is_studio) VALUES (30000149, 124764, 30000014, 3, 0);
INSERT INTO corporate_oltp\:user_permission_grant (user_permission_grant_id, user_id, resource_id, permission_type_id, is_studio) VALUES (30000150, 124852, 30000014, 0, 0);
INSERT INTO corporate_oltp\:user_permission_grant (user_permission_grant_id, user_id, resource_id, permission_type_id, is_studio) VALUES (30000151, 124776, 30000014, 2, 0);
INSERT INTO corporate_oltp\:user_permission_grant (user_permission_grant_id, user_id, resource_id, permission_type_id, is_studio) VALUES (30000152, 132457, 30000014, 0, 0);
INSERT INTO corporate_oltp\:user_permission_grant (user_permission_grant_id, user_id, resource_id, permission_type_id, is_studio) VALUES (30000153, 124856, 30000014, 2, 0);
INSERT INTO corporate_oltp\:user_permission_grant (user_permission_grant_id, user_id, resource_id, permission_type_id, is_studio) VALUES (30000154, 124857, 30000014, 0, 0);
INSERT INTO corporate_oltp\:user_permission_grant (user_permission_grant_id, user_id, resource_id, permission_type_id, is_studio) VALUES (30000155, 132456, 30000015, 3, 0);
INSERT INTO corporate_oltp\:user_permission_grant (user_permission_grant_id, user_id, resource_id, permission_type_id, is_studio) VALUES (30000156, 132458, 30000015, 0, 0);
INSERT INTO corporate_oltp\:user_permission_grant (user_permission_grant_id, user_id, resource_id, permission_type_id, is_studio) VALUES (30000157, 124916, 30000015, 2, 0);
INSERT INTO corporate_oltp\:user_permission_grant (user_permission_grant_id, user_id, resource_id, permission_type_id, is_studio) VALUES (30000158, 124836, 30000015, 2, 0);
INSERT INTO corporate_oltp\:user_permission_grant (user_permission_grant_id, user_id, resource_id, permission_type_id, is_studio) VALUES (30000159, 124861, 30000015, 3, 0);
INSERT INTO corporate_oltp\:user_permission_grant (user_permission_grant_id, user_id, resource_id, permission_type_id, is_studio) VALUES (30000160, 124764, 30000015, 1, 0);
INSERT INTO corporate_oltp\:user_permission_grant (user_permission_grant_id, user_id, resource_id, permission_type_id, is_studio) VALUES (30000161, 124852, 30000015, 2, 0);
INSERT INTO corporate_oltp\:user_permission_grant (user_permission_grant_id, user_id, resource_id, permission_type_id, is_studio) VALUES (30000162, 124776, 30000015, 1, 0);
INSERT INTO corporate_oltp\:user_permission_grant (user_permission_grant_id, user_id, resource_id, permission_type_id, is_studio) VALUES (30000163, 132457, 30000015, 0, 0);
INSERT INTO corporate_oltp\:user_permission_grant (user_permission_grant_id, user_id, resource_id, permission_type_id, is_studio) VALUES (30000164, 124856, 30000015, 1, 0);
INSERT INTO corporate_oltp\:user_permission_grant (user_permission_grant_id, user_id, resource_id, permission_type_id, is_studio) VALUES (30000165, 124857, 30000015, 1, 0);
INSERT INTO corporate_oltp\:user_permission_grant (user_permission_grant_id, user_id, resource_id, permission_type_id, is_studio) VALUES (30000166, 132456, 30000016, 0, 0);
INSERT INTO corporate_oltp\:user_permission_grant (user_permission_grant_id, user_id, resource_id, permission_type_id, is_studio) VALUES (30000167, 132458, 30000016, 3, 0);
INSERT INTO corporate_oltp\:user_permission_grant (user_permission_grant_id, user_id, resource_id, permission_type_id, is_studio) VALUES (30000168, 124916, 30000016, 3, 0);
INSERT INTO corporate_oltp\:user_permission_grant (user_permission_grant_id, user_id, resource_id, permission_type_id, is_studio) VALUES (30000169, 124836, 30000016, 1, 0);
INSERT INTO corporate_oltp\:user_permission_grant (user_permission_grant_id, user_id, resource_id, permission_type_id, is_studio) VALUES (30000170, 124861, 30000016, 3, 0);
INSERT INTO corporate_oltp\:user_permission_grant (user_permission_grant_id, user_id, resource_id, permission_type_id, is_studio) VALUES (30000171, 124764, 30000016, 0, 0);
INSERT INTO corporate_oltp\:user_permission_grant (user_permission_grant_id, user_id, resource_id, permission_type_id, is_studio) VALUES (30000172, 124852, 30000016, 0, 0);
INSERT INTO corporate_oltp\:user_permission_grant (user_permission_grant_id, user_id, resource_id, permission_type_id, is_studio) VALUES (30000173, 124776, 30000016, 3, 0);
INSERT INTO corporate_oltp\:user_permission_grant (user_permission_grant_id, user_id, resource_id, permission_type_id, is_studio) VALUES (30000174, 132457, 30000016, 3, 0);
INSERT INTO corporate_oltp\:user_permission_grant (user_permission_grant_id, user_id, resource_id, permission_type_id, is_studio) VALUES (30000175, 124856, 30000016, 2, 0);
INSERT INTO corporate_oltp\:user_permission_grant (user_permission_grant_id, user_id, resource_id, permission_type_id, is_studio) VALUES (30000176, 124857, 30000016, 0, 0);
INSERT INTO corporate_oltp\:user_permission_grant (user_permission_grant_id, user_id, resource_id, permission_type_id, is_studio) VALUES (30000177, 132456, 30000017, 2, 0);
INSERT INTO corporate_oltp\:user_permission_grant (user_permission_grant_id, user_id, resource_id, permission_type_id, is_studio) VALUES (30000178, 132458, 30000017, 1, 0);
INSERT INTO corporate_oltp\:user_permission_grant (user_permission_grant_id, user_id, resource_id, permission_type_id, is_studio) VALUES (30000179, 124916, 30000017, 3, 0);
INSERT INTO corporate_oltp\:user_permission_grant (user_permission_grant_id, user_id, resource_id, permission_type_id, is_studio) VALUES (30000180, 124836, 30000017, 1, 0);
INSERT INTO corporate_oltp\:user_permission_grant (user_permission_grant_id, user_id, resource_id, permission_type_id, is_studio) VALUES (30000181, 124861, 30000017, 1, 0);
INSERT INTO corporate_oltp\:user_permission_grant (user_permission_grant_id, user_id, resource_id, permission_type_id, is_studio) VALUES (30000182, 124764, 30000017, 1, 0);
INSERT INTO corporate_oltp\:user_permission_grant (user_permission_grant_id, user_id, resource_id, permission_type_id, is_studio) VALUES (30000183, 124852, 30000017, 2, 0);
INSERT INTO corporate_oltp\:user_permission_grant (user_permission_grant_id, user_id, resource_id, permission_type_id, is_studio) VALUES (30000184, 124776, 30000017, 1, 0);
INSERT INTO corporate_oltp\:user_permission_grant (user_permission_grant_id, user_id, resource_id, permission_type_id, is_studio) VALUES (30000185, 132457, 30000017, 1, 0);
INSERT INTO corporate_oltp\:user_permission_grant (user_permission_grant_id, user_id, resource_id, permission_type_id, is_studio) VALUES (30000186, 124856, 30000017, 1, 0);
INSERT INTO corporate_oltp\:user_permission_grant (user_permission_grant_id, user_id, resource_id, permission_type_id, is_studio) VALUES (30000187, 124857, 30000017, 2, 0);
INSERT INTO corporate_oltp\:user_permission_grant (user_permission_grant_id, user_id, resource_id, permission_type_id, is_studio) VALUES (30000188, 132456, 30000018, 3, 0);
INSERT INTO corporate_oltp\:user_permission_grant (user_permission_grant_id, user_id, resource_id, permission_type_id, is_studio) VALUES (30000189, 132458, 30000018, 2, 0);
INSERT INTO corporate_oltp\:user_permission_grant (user_permission_grant_id, user_id, resource_id, permission_type_id, is_studio) VALUES (30000190, 124916, 30000018, 1, 0);
INSERT INTO corporate_oltp\:user_permission_grant (user_permission_grant_id, user_id, resource_id, permission_type_id, is_studio) VALUES (30000191, 124836, 30000018, 2, 0);
INSERT INTO corporate_oltp\:user_permission_grant (user_permission_grant_id, user_id, resource_id, permission_type_id, is_studio) VALUES (30000192, 124861, 30000018, 0, 0);
INSERT INTO corporate_oltp\:user_permission_grant (user_permission_grant_id, user_id, resource_id, permission_type_id, is_studio) VALUES (30000193, 124764, 30000018, 0, 0);
INSERT INTO corporate_oltp\:user_permission_grant (user_permission_grant_id, user_id, resource_id, permission_type_id, is_studio) VALUES (30000194, 124852, 30000018, 0, 0);
INSERT INTO corporate_oltp\:user_permission_grant (user_permission_grant_id, user_id, resource_id, permission_type_id, is_studio) VALUES (30000195, 124776, 30000018, 2, 0);
INSERT INTO corporate_oltp\:user_permission_grant (user_permission_grant_id, user_id, resource_id, permission_type_id, is_studio) VALUES (30000196, 132457, 30000018, 0, 0);
INSERT INTO corporate_oltp\:user_permission_grant (user_permission_grant_id, user_id, resource_id, permission_type_id, is_studio) VALUES (30000197, 124856, 30000018, 2, 0);
INSERT INTO corporate_oltp\:user_permission_grant (user_permission_grant_id, user_id, resource_id, permission_type_id, is_studio) VALUES (30000198, 124857, 30000018, 2, 0);
INSERT INTO corporate_oltp\:user_permission_grant (user_permission_grant_id, user_id, resource_id, permission_type_id, is_studio) VALUES (30000199, 132456, 30000019, 1, 0);
INSERT INTO corporate_oltp\:user_permission_grant (user_permission_grant_id, user_id, resource_id, permission_type_id, is_studio) VALUES (30000200, 132458, 30000019, 3, 0);
INSERT INTO corporate_oltp\:user_permission_grant (user_permission_grant_id, user_id, resource_id, permission_type_id, is_studio) VALUES (30000201, 124916, 30000019, 3, 0);
INSERT INTO corporate_oltp\:user_permission_grant (user_permission_grant_id, user_id, resource_id, permission_type_id, is_studio) VALUES (30000202, 124836, 30000019, 1, 0);
INSERT INTO corporate_oltp\:user_permission_grant (user_permission_grant_id, user_id, resource_id, permission_type_id, is_studio) VALUES (30000203, 124861, 30000019, 1, 0);
INSERT INTO corporate_oltp\:user_permission_grant (user_permission_grant_id, user_id, resource_id, permission_type_id, is_studio) VALUES (30000204, 124764, 30000019, 1, 0);
INSERT INTO corporate_oltp\:user_permission_grant (user_permission_grant_id, user_id, resource_id, permission_type_id, is_studio) VALUES (30000205, 124852, 30000019, 3, 0);
INSERT INTO corporate_oltp\:user_permission_grant (user_permission_grant_id, user_id, resource_id, permission_type_id, is_studio) VALUES (30000206, 124776, 30000019, 0, 0);
INSERT INTO corporate_oltp\:user_permission_grant (user_permission_grant_id, user_id, resource_id, permission_type_id, is_studio) VALUES (30000207, 132457, 30000019, 0, 0);
INSERT INTO corporate_oltp\:user_permission_grant (user_permission_grant_id, user_id, resource_id, permission_type_id, is_studio) VALUES (30000208, 124856, 30000019, 1, 0);
INSERT INTO corporate_oltp\:user_permission_grant (user_permission_grant_id, user_id, resource_id, permission_type_id, is_studio) VALUES (30000209, 124857, 30000019, 3, 0);
INSERT INTO corporate_oltp\:user_permission_grant (user_permission_grant_id, user_id, resource_id, permission_type_id, is_studio) VALUES (30000210, 132456, 30000020, 2, 0);
INSERT INTO corporate_oltp\:user_permission_grant (user_permission_grant_id, user_id, resource_id, permission_type_id, is_studio) VALUES (30000211, 132458, 30000020, 1, 0);
INSERT INTO corporate_oltp\:user_permission_grant (user_permission_grant_id, user_id, resource_id, permission_type_id, is_studio) VALUES (30000212, 124916, 30000020, 3, 0);
INSERT INTO corporate_oltp\:user_permission_grant (user_permission_grant_id, user_id, resource_id, permission_type_id, is_studio) VALUES (30000213, 124836, 30000020, 1, 0);
INSERT INTO corporate_oltp\:user_permission_grant (user_permission_grant_id, user_id, resource_id, permission_type_id, is_studio) VALUES (30000214, 124861, 30000020, 2, 0);
INSERT INTO corporate_oltp\:user_permission_grant (user_permission_grant_id, user_id, resource_id, permission_type_id, is_studio) VALUES (30000215, 124764, 30000020, 3, 0);
INSERT INTO corporate_oltp\:user_permission_grant (user_permission_grant_id, user_id, resource_id, permission_type_id, is_studio) VALUES (30000216, 124852, 30000020, 2, 0);
INSERT INTO corporate_oltp\:user_permission_grant (user_permission_grant_id, user_id, resource_id, permission_type_id, is_studio) VALUES (30000217, 124776, 30000020, 3, 0);
INSERT INTO corporate_oltp\:user_permission_grant (user_permission_grant_id, user_id, resource_id, permission_type_id, is_studio) VALUES (30000218, 132457, 30000020, 0, 0);
INSERT INTO corporate_oltp\:user_permission_grant (user_permission_grant_id, user_id, resource_id, permission_type_id, is_studio) VALUES (30000219, 124856, 30000020, 0, 0);
INSERT INTO corporate_oltp\:user_permission_grant (user_permission_grant_id, user_id, resource_id, permission_type_id, is_studio) VALUES (30000220, 124857, 30000020, 2, 0);
INSERT INTO corporate_oltp\:user_permission_grant (user_permission_grant_id, user_id, resource_id, permission_type_id, is_studio) VALUES (30000221, 132456, 30000021, 3, 0);
INSERT INTO corporate_oltp\:user_permission_grant (user_permission_grant_id, user_id, resource_id, permission_type_id, is_studio) VALUES (30000222, 132458, 30000021, 2, 0);
INSERT INTO corporate_oltp\:user_permission_grant (user_permission_grant_id, user_id, resource_id, permission_type_id, is_studio) VALUES (30000223, 124916, 30000021, 2, 0);
INSERT INTO corporate_oltp\:user_permission_grant (user_permission_grant_id, user_id, resource_id, permission_type_id, is_studio) VALUES (30000224, 124836, 30000021, 0, 0);
INSERT INTO corporate_oltp\:user_permission_grant (user_permission_grant_id, user_id, resource_id, permission_type_id, is_studio) VALUES (30000225, 124861, 30000021, 1, 0);
INSERT INTO corporate_oltp\:user_permission_grant (user_permission_grant_id, user_id, resource_id, permission_type_id, is_studio) VALUES (30000226, 124764, 30000021, 0, 0);
INSERT INTO corporate_oltp\:user_permission_grant (user_permission_grant_id, user_id, resource_id, permission_type_id, is_studio) VALUES (30000227, 124852, 30000021, 3, 0);
INSERT INTO corporate_oltp\:user_permission_grant (user_permission_grant_id, user_id, resource_id, permission_type_id, is_studio) VALUES (30000228, 124776, 30000021, 2, 0);
INSERT INTO corporate_oltp\:user_permission_grant (user_permission_grant_id, user_id, resource_id, permission_type_id, is_studio) VALUES (30000229, 132457, 30000021, 2, 0);
INSERT INTO corporate_oltp\:user_permission_grant (user_permission_grant_id, user_id, resource_id, permission_type_id, is_studio) VALUES (30000230, 124856, 30000021, 0, 0);
INSERT INTO corporate_oltp\:user_permission_grant (user_permission_grant_id, user_id, resource_id, permission_type_id, is_studio) VALUES (30000231, 124857, 30000021, 2, 0);
INSERT INTO common_oltp\:security_user (login_id, user_id, password, create_user_id) VALUES (30000031, 'srowen30000031', '4EjPjy6o+/C+dqNPnxIy9A==', 0);
INSERT INTO common_oltp\:user_security_key (user_id, security_key, security_key_type_id) VALUES (30000031, 'some key data for srowen30000031', 1);
INSERT INTO common_oltp\:user (user_id, first_name, last_name, create_date, handle, status, timezone_id) VALUES (30000031, 'John', 'Theron', CURRENT, 'srowen30000031', 'A', 143);
INSERT INTO common_oltp\:email (user_id, email_id, email_type_id, address, create_date, modify_date, primary_ind, status_id) VALUES (30000031, 30000031, 1, 'test@test.com', CURRENT, CURRENT, 1, 1);
INSERT INTO informixoltp\:coder (coder_id, member_since, quote, modify_date, language_id, coder_type_id, date_of_birth, comp_country_code, contact_date) VALUES (30000031, '2001-05-09 01:04:42.000', 'User quote', '2008-08-14 14:05:37.000', 1, 2, NULL, '840', NULL);
INSERT INTO common_oltp\:user_role_xref(user_role_id, login_id, role_id, create_user_id, security_status_id)  VALUES(1000, 30000031, 2000122, 132456, 1);
INSERT INTO common_oltp\:user_role_xref(user_role_id, login_id, role_id, create_user_id, security_status_id)  VALUES(1001, 30000031, 1800014, 132456, 1);
INSERT INTO common_oltp\:security_user (login_id, user_id, password, create_user_id) VALUES (30000032, 'marcg30000032', '4EjPjy6o+/C+dqNPnxIy9A==', 0);
INSERT INTO common_oltp\:user_security_key (user_id, security_key, security_key_type_id) VALUES (30000032, 'some key data for marcg30000032', 1);
INSERT INTO common_oltp\:user (user_id, first_name, last_name, create_date, handle, status, timezone_id) VALUES (30000032, 'Dave', 'Smith', CURRENT, 'marcg30000032', 'A', 143);
INSERT INTO common_oltp\:email (user_id, email_id, email_type_id, address, create_date, modify_date, primary_ind, status_id) VALUES (30000032, 30000032, 1, 'test@test.com', CURRENT, CURRENT, 1, 1);
INSERT INTO informixoltp\:coder (coder_id, member_since, quote, modify_date, language_id, coder_type_id, date_of_birth, comp_country_code, contact_date) VALUES (30000032, '2001-05-09 01:04:42.000', 'User quote', '2008-08-14 14:05:37.000', 1, 2, NULL, '840', NULL);
INSERT INTO common_oltp\:user_role_xref(user_role_id, login_id, role_id, create_user_id, security_status_id)  VALUES(1002, 30000032, 2040, 132456, 1);
INSERT INTO common_oltp\:user_role_xref(user_role_id, login_id, role_id, create_user_id, security_status_id)  VALUES(1003, 30000032, 2070, 132456, 1);
INSERT INTO common_oltp\:security_user (login_id, user_id, password, create_user_id) VALUES (30000033, 'jmpld30000033', '4EjPjy6o+/C+dqNPnxIy9A==', 0);
INSERT INTO common_oltp\:user_security_key (user_id, security_key, security_key_type_id) VALUES (30000033, 'some key data for jmpld30000033', 1);
INSERT INTO common_oltp\:user (user_id, first_name, last_name, create_date, handle, status, timezone_id) VALUES (30000033, 'Charlize', 'Wu', CURRENT, 'jmpld30000033', 'A', 143);
INSERT INTO common_oltp\:email (user_id, email_id, email_type_id, address, create_date, modify_date, primary_ind, status_id) VALUES (30000033, 30000033, 1, 'test@test.com', CURRENT, CURRENT, 1, 1);
INSERT INTO informixoltp\:coder (coder_id, member_since, quote, modify_date, language_id, coder_type_id, date_of_birth, comp_country_code, contact_date) VALUES (30000033, '2001-05-09 01:04:42.000', 'User quote', '2008-08-14 14:05:37.000', 1, 2, NULL, '840', NULL);
INSERT INTO common_oltp\:user_role_xref(user_role_id, login_id, role_id, create_user_id, security_status_id)  VALUES(1004, 30000033, 2087, 132456, 1);
INSERT INTO common_oltp\:user_role_xref(user_role_id, login_id, role_id, create_user_id, security_status_id)  VALUES(1005, 30000033, 2076, 132456, 1);
INSERT INTO common_oltp\:security_user (login_id, user_id, password, create_user_id) VALUES (30000034, 'pvmagacho30000034', '4EjPjy6o+/C+dqNPnxIy9A==', 0);
INSERT INTO common_oltp\:user_security_key (user_id, security_key, security_key_type_id) VALUES (30000034, 'some key data for pvmagacho30000034', 1);
INSERT INTO common_oltp\:user (user_id, first_name, last_name, create_date, handle, status, timezone_id) VALUES (30000034, 'Rowan', 'Wu', CURRENT, 'pvmagacho30000034', 'A', 143);
INSERT INTO common_oltp\:email (user_id, email_id, email_type_id, address, create_date, modify_date, primary_ind, status_id) VALUES (30000034, 30000034, 1, 'test@test.com', CURRENT, CURRENT, 1, 1);
INSERT INTO informixoltp\:coder (coder_id, member_since, quote, modify_date, language_id, coder_type_id, date_of_birth, comp_country_code, contact_date) VALUES (30000034, '2001-05-09 01:04:42.000', 'User quote', '2008-08-14 14:05:37.000', 1, 2, NULL, '840', NULL);
INSERT INTO common_oltp\:user_role_xref(user_role_id, login_id, role_id, create_user_id, security_status_id)  VALUES(1006, 30000034, 2042, 132456, 1);
INSERT INTO common_oltp\:user_role_xref(user_role_id, login_id, role_id, create_user_id, security_status_id)  VALUES(1007, 30000034, 9386, 132456, 1);
INSERT INTO common_oltp\:security_user (login_id, user_id, password, create_user_id) VALUES (30000035, 'dok30000035', '4EjPjy6o+/C+dqNPnxIy9A==', 0);
INSERT INTO common_oltp\:user_security_key (user_id, security_key, security_key_type_id) VALUES (30000035, 'some key data for dok30000035', 1);
INSERT INTO common_oltp\:user (user_id, first_name, last_name, create_date, handle, status, timezone_id) VALUES (30000035, 'Jessica', 'Roberts', CURRENT, 'dok30000035', 'A', 143);
INSERT INTO common_oltp\:email (user_id, email_id, email_type_id, address, create_date, modify_date, primary_ind, status_id) VALUES (30000035, 30000035, 1, 'test@test.com', CURRENT, CURRENT, 1, 1);
INSERT INTO informixoltp\:coder (coder_id, member_since, quote, modify_date, language_id, coder_type_id, date_of_birth, comp_country_code, contact_date) VALUES (30000035, '2001-05-09 01:04:42.000', 'User quote', '2008-08-14 14:05:37.000', 1, 2, NULL, '840', NULL);
INSERT INTO common_oltp\:user_role_xref(user_role_id, login_id, role_id, create_user_id, security_status_id)  VALUES(1008, 30000035, 2002, 132456, 1);
INSERT INTO common_oltp\:user_role_xref(user_role_id, login_id, role_id, create_user_id, security_status_id)  VALUES(1009, 30000035, 1000, 132456, 1);
INSERT INTO common_oltp\:security_user (login_id, user_id, password, create_user_id) VALUES (30000036, 'WishingBone30000036', '4EjPjy6o+/C+dqNPnxIy9A==', 0);
INSERT INTO common_oltp\:user_security_key (user_id, security_key, security_key_type_id) VALUES (30000036, 'some key data for WishingBone30000036', 1);
INSERT INTO common_oltp\:user (user_id, first_name, last_name, create_date, handle, status, timezone_id) VALUES (30000036, 'Bill', 'Atkinson', CURRENT, 'WishingBone30000036', 'A', 143);
INSERT INTO common_oltp\:email (user_id, email_id, email_type_id, address, create_date, modify_date, primary_ind, status_id) VALUES (30000036, 30000036, 1, 'test@test.com', CURRENT, CURRENT, 1, 1);
INSERT INTO informixoltp\:coder (coder_id, member_since, quote, modify_date, language_id, coder_type_id, date_of_birth, comp_country_code, contact_date) VALUES (30000036, '2001-05-09 01:04:42.000', 'User quote', '2008-08-14 14:05:37.000', 1, 2, NULL, '840', NULL);
INSERT INTO common_oltp\:user_role_xref(user_role_id, login_id, role_id, create_user_id, security_status_id)  VALUES(1010, 30000036, 2000126, 132456, 1);
INSERT INTO common_oltp\:user_role_xref(user_role_id, login_id, role_id, create_user_id, security_status_id)  VALUES(1011, 30000036, 9387, 132456, 1);
INSERT INTO common_oltp\:security_user (login_id, user_id, password, create_user_id) VALUES (30000037, 'TonyJ30000037', '4EjPjy6o+/C+dqNPnxIy9A==', 0);
INSERT INTO common_oltp\:user_security_key (user_id, security_key, security_key_type_id) VALUES (30000037, 'some key data for TonyJ30000037', 1);
INSERT INTO common_oltp\:user (user_id, first_name, last_name, create_date, handle, status, timezone_id) VALUES (30000037, 'Dave', 'Blais', CURRENT, 'TonyJ30000037', 'A', 143);
INSERT INTO common_oltp\:email (user_id, email_id, email_type_id, address, create_date, modify_date, primary_ind, status_id) VALUES (30000037, 30000037, 1, 'test@test.com', CURRENT, CURRENT, 1, 1);
INSERT INTO informixoltp\:coder (coder_id, member_since, quote, modify_date, language_id, coder_type_id, date_of_birth, comp_country_code, contact_date) VALUES (30000037, '2001-05-09 01:04:42.000', 'User quote', '2008-08-14 14:05:37.000', 1, 2, NULL, '840', NULL);
INSERT INTO common_oltp\:user_role_xref(user_role_id, login_id, role_id, create_user_id, security_status_id)  VALUES(1012, 30000037, 2060, 132456, 1);
INSERT INTO common_oltp\:user_role_xref(user_role_id, login_id, role_id, create_user_id, security_status_id)  VALUES(1013, 30000037, 2083, 132456, 1);
INSERT INTO common_oltp\:security_user (login_id, user_id, password, create_user_id) VALUES (30000038, 'WishingBone30000038', '4EjPjy6o+/C+dqNPnxIy9A==', 0);
INSERT INTO common_oltp\:user_security_key (user_id, security_key, security_key_type_id) VALUES (30000038, 'some key data for WishingBone30000038', 1);
INSERT INTO common_oltp\:user (user_id, first_name, last_name, create_date, handle, status, timezone_id) VALUES (30000038, 'Charlize', 'Roberts', CURRENT, 'WishingBone30000038', 'A', 143);
INSERT INTO common_oltp\:email (user_id, email_id, email_type_id, address, create_date, modify_date, primary_ind, status_id) VALUES (30000038, 30000038, 1, 'test@test.com', CURRENT, CURRENT, 1, 1);
INSERT INTO informixoltp\:coder (coder_id, member_since, quote, modify_date, language_id, coder_type_id, date_of_birth, comp_country_code, contact_date) VALUES (30000038, '2001-05-09 01:04:42.000', 'User quote', '2008-08-14 14:05:37.000', 1, 2, NULL, '840', NULL);
INSERT INTO common_oltp\:user_role_xref(user_role_id, login_id, role_id, create_user_id, security_status_id)  VALUES(1014, 30000038, 1800008, 132456, 1);
INSERT INTO common_oltp\:user_role_xref(user_role_id, login_id, role_id, create_user_id, security_status_id)  VALUES(1015, 30000038, 9385, 132456, 1);
INSERT INTO common_oltp\:security_user (login_id, user_id, password, create_user_id) VALUES (30000039, 'jmpld30000039', '4EjPjy6o+/C+dqNPnxIy9A==', 0);
INSERT INTO common_oltp\:user_security_key (user_id, security_key, security_key_type_id) VALUES (30000039, 'some key data for jmpld30000039', 1);
INSERT INTO common_oltp\:user (user_id, first_name, last_name, create_date, handle, status, timezone_id) VALUES (30000039, 'Jessie', 'Bollinger', CURRENT, 'jmpld30000039', 'A', 143);
INSERT INTO common_oltp\:email (user_id, email_id, email_type_id, address, create_date, modify_date, primary_ind, status_id) VALUES (30000039, 30000039, 1, 'test@test.com', CURRENT, CURRENT, 1, 1);
INSERT INTO informixoltp\:coder (coder_id, member_since, quote, modify_date, language_id, coder_type_id, date_of_birth, comp_country_code, contact_date) VALUES (30000039, '2001-05-09 01:04:42.000', 'User quote', '2008-08-14 14:05:37.000', 1, 2, NULL, '840', NULL);
INSERT INTO common_oltp\:user_role_xref(user_role_id, login_id, role_id, create_user_id, security_status_id)  VALUES(1016, 30000039, 2000150, 132456, 1);
INSERT INTO common_oltp\:user_role_xref(user_role_id, login_id, role_id, create_user_id, security_status_id)  VALUES(1017, 30000039, 1800017, 132456, 1);
INSERT INTO common_oltp\:security_user (login_id, user_id, password, create_user_id) VALUES (30000040, 'hohosky30000040', '4EjPjy6o+/C+dqNPnxIy9A==', 0);
INSERT INTO common_oltp\:user_security_key (user_id, security_key, security_key_type_id) VALUES (30000040, 'some key data for hohosky30000040', 1);
INSERT INTO common_oltp\:user (user_id, first_name, last_name, create_date, handle, status, timezone_id) VALUES (30000040, 'Charlize', 'Theron', CURRENT, 'hohosky30000040', 'A', 143);
INSERT INTO common_oltp\:email (user_id, email_id, email_type_id, address, create_date, modify_date, primary_ind, status_id) VALUES (30000040, 30000040, 1, 'test@test.com', CURRENT, CURRENT, 1, 1);
INSERT INTO informixoltp\:coder (coder_id, member_since, quote, modify_date, language_id, coder_type_id, date_of_birth, comp_country_code, contact_date) VALUES (30000040, '2001-05-09 01:04:42.000', 'User quote', '2008-08-14 14:05:37.000', 1, 2, NULL, '840', NULL);
INSERT INTO common_oltp\:user_role_xref(user_role_id, login_id, role_id, create_user_id, security_status_id)  VALUES(1018, 30000040, 2006, 132456, 1);
INSERT INTO common_oltp\:user_role_xref(user_role_id, login_id, role_id, create_user_id, security_status_id)  VALUES(1019, 30000040, 1001, 132456, 1);
INSERT INTO common_oltp\:security_user (login_id, user_id, password, create_user_id) VALUES (30000041, 'jmpld30000041', '4EjPjy6o+/C+dqNPnxIy9A==', 0);
INSERT INTO common_oltp\:user_security_key (user_id, security_key, security_key_type_id) VALUES (30000041, 'some key data for jmpld30000041', 1);
INSERT INTO common_oltp\:user (user_id, first_name, last_name, create_date, handle, status, timezone_id) VALUES (30000041, 'Tony', 'Messinger', CURRENT, 'jmpld30000041', 'A', 143);
INSERT INTO common_oltp\:email (user_id, email_id, email_type_id, address, create_date, modify_date, primary_ind, status_id) VALUES (30000041, 30000041, 1, 'test@test.com', CURRENT, CURRENT, 1, 1);
INSERT INTO informixoltp\:coder (coder_id, member_since, quote, modify_date, language_id, coder_type_id, date_of_birth, comp_country_code, contact_date) VALUES (30000041, '2001-05-09 01:04:42.000', 'User quote', '2008-08-14 14:05:37.000', 1, 2, NULL, '840', NULL);
INSERT INTO common_oltp\:user_role_xref(user_role_id, login_id, role_id, create_user_id, security_status_id)  VALUES(1020, 30000041, 2000125, 132456, 1);
INSERT INTO common_oltp\:user_role_xref(user_role_id, login_id, role_id, create_user_id, security_status_id)  VALUES(1021, 30000041, 2076, 132456, 1);
INSERT INTO common_oltp\:security_user (login_id, user_id, password, create_user_id) VALUES (30000042, 'TonyJ30000042', '4EjPjy6o+/C+dqNPnxIy9A==', 0);
INSERT INTO common_oltp\:user_security_key (user_id, security_key, security_key_type_id) VALUES (30000042, 'some key data for TonyJ30000042', 1);
INSERT INTO common_oltp\:user (user_id, first_name, last_name, create_date, handle, status, timezone_id) VALUES (30000042, 'Charlize', 'Blais', CURRENT, 'TonyJ30000042', 'A', 143);
INSERT INTO common_oltp\:email (user_id, email_id, email_type_id, address, create_date, modify_date, primary_ind, status_id) VALUES (30000042, 30000042, 1, 'test@test.com', CURRENT, CURRENT, 1, 1);
INSERT INTO informixoltp\:coder (coder_id, member_since, quote, modify_date, language_id, coder_type_id, date_of_birth, comp_country_code, contact_date) VALUES (30000042, '2001-05-09 01:04:42.000', 'User quote', '2008-08-14 14:05:37.000', 1, 2, NULL, '840', NULL);
INSERT INTO common_oltp\:user_role_xref(user_role_id, login_id, role_id, create_user_id, security_status_id)  VALUES(1022, 30000042, 1002, 132456, 1);
INSERT INTO common_oltp\:user_role_xref(user_role_id, login_id, role_id, create_user_id, security_status_id)  VALUES(1023, 30000042, 9390, 132456, 1);
INSERT INTO common_oltp\:security_user (login_id, user_id, password, create_user_id) VALUES (30000043, 'hohosky30000043', '4EjPjy6o+/C+dqNPnxIy9A==', 0);
INSERT INTO common_oltp\:user_security_key (user_id, security_key, security_key_type_id) VALUES (30000043, 'some key data for hohosky30000043', 1);
INSERT INTO common_oltp\:user (user_id, first_name, last_name, create_date, handle, status, timezone_id) VALUES (30000043, 'Rowan', 'Theron', CURRENT, 'hohosky30000043', 'A', 143);
INSERT INTO common_oltp\:email (user_id, email_id, email_type_id, address, create_date, modify_date, primary_ind, status_id) VALUES (30000043, 30000043, 1, 'test@test.com', CURRENT, CURRENT, 1, 1);
INSERT INTO informixoltp\:coder (coder_id, member_since, quote, modify_date, language_id, coder_type_id, date_of_birth, comp_country_code, contact_date) VALUES (30000043, '2001-05-09 01:04:42.000', 'User quote', '2008-08-14 14:05:37.000', 1, 2, NULL, '840', NULL);
INSERT INTO common_oltp\:user_role_xref(user_role_id, login_id, role_id, create_user_id, security_status_id)  VALUES(1024, 30000043, 2046, 132456, 1);
INSERT INTO common_oltp\:user_role_xref(user_role_id, login_id, role_id, create_user_id, security_status_id)  VALUES(1025, 30000043, 1800020, 132456, 1);
INSERT INTO common_oltp\:security_user (login_id, user_id, password, create_user_id) VALUES (30000044, 'heffan30000044', '4EjPjy6o+/C+dqNPnxIy9A==', 0);
INSERT INTO common_oltp\:user_security_key (user_id, security_key, security_key_type_id) VALUES (30000044, 'some key data for heffan30000044', 1);
INSERT INTO common_oltp\:user (user_id, first_name, last_name, create_date, handle, status, timezone_id) VALUES (30000044, 'Marc', 'Messinger', CURRENT, 'heffan30000044', 'A', 143);
INSERT INTO common_oltp\:email (user_id, email_id, email_type_id, address, create_date, modify_date, primary_ind, status_id) VALUES (30000044, 30000044, 1, 'test@test.com', CURRENT, CURRENT, 1, 1);
INSERT INTO informixoltp\:coder (coder_id, member_since, quote, modify_date, language_id, coder_type_id, date_of_birth, comp_country_code, contact_date) VALUES (30000044, '2001-05-09 01:04:42.000', 'User quote', '2008-08-14 14:05:37.000', 1, 2, NULL, '840', NULL);
INSERT INTO common_oltp\:user_role_xref(user_role_id, login_id, role_id, create_user_id, security_status_id)  VALUES(1026, 30000044, 1800020, 132456, 1);
INSERT INTO common_oltp\:user_role_xref(user_role_id, login_id, role_id, create_user_id, security_status_id)  VALUES(1027, 30000044, 1001, 132456, 1);
INSERT INTO common_oltp\:security_user (login_id, user_id, password, create_user_id) VALUES (30000045, 'dok30000045', '4EjPjy6o+/C+dqNPnxIy9A==', 0);
INSERT INTO common_oltp\:user_security_key (user_id, security_key, security_key_type_id) VALUES (30000045, 'some key data for dok30000045', 1);
INSERT INTO common_oltp\:user (user_id, first_name, last_name, create_date, handle, status, timezone_id) VALUES (30000045, 'Jessica', 'Doe', CURRENT, 'dok30000045', 'A', 143);
INSERT INTO common_oltp\:email (user_id, email_id, email_type_id, address, create_date, modify_date, primary_ind, status_id) VALUES (30000045, 30000045, 1, 'test@test.com', CURRENT, CURRENT, 1, 1);
INSERT INTO informixoltp\:coder (coder_id, member_since, quote, modify_date, language_id, coder_type_id, date_of_birth, comp_country_code, contact_date) VALUES (30000045, '2001-05-09 01:04:42.000', 'User quote', '2008-08-14 14:05:37.000', 1, 2, NULL, '840', NULL);
INSERT INTO common_oltp\:user_role_xref(user_role_id, login_id, role_id, create_user_id, security_status_id)  VALUES(1028, 30000045, 2062, 132456, 1);
INSERT INTO common_oltp\:user_role_xref(user_role_id, login_id, role_id, create_user_id, security_status_id)  VALUES(1029, 30000045, 2030, 132456, 1);
INSERT INTO common_oltp\:security_user (login_id, user_id, password, create_user_id) VALUES (30000046, 'mess30000046', '4EjPjy6o+/C+dqNPnxIy9A==', 0);
INSERT INTO common_oltp\:user_security_key (user_id, security_key, security_key_type_id) VALUES (30000046, 'some key data for mess30000046', 1);
INSERT INTO common_oltp\:user (user_id, first_name, last_name, create_date, handle, status, timezone_id) VALUES (30000046, 'Tony', 'Blais', CURRENT, 'mess30000046', 'A', 143);
INSERT INTO common_oltp\:email (user_id, email_id, email_type_id, address, create_date, modify_date, primary_ind, status_id) VALUES (30000046, 30000046, 1, 'test@test.com', CURRENT, CURRENT, 1, 1);
INSERT INTO informixoltp\:coder (coder_id, member_since, quote, modify_date, language_id, coder_type_id, date_of_birth, comp_country_code, contact_date) VALUES (30000046, '2001-05-09 01:04:42.000', 'User quote', '2008-08-14 14:05:37.000', 1, 2, NULL, '840', NULL);
INSERT INTO common_oltp\:user_role_xref(user_role_id, login_id, role_id, create_user_id, security_status_id)  VALUES(1030, 30000046, 390001, 132456, 1);
INSERT INTO common_oltp\:user_role_xref(user_role_id, login_id, role_id, create_user_id, security_status_id)  VALUES(1031, 30000046, 9390, 132456, 1);
INSERT INTO common_oltp\:security_user (login_id, user_id, password, create_user_id) VALUES (30000047, 'jmpld30000047', '4EjPjy6o+/C+dqNPnxIy9A==', 0);
INSERT INTO common_oltp\:user_security_key (user_id, security_key, security_key_type_id) VALUES (30000047, 'some key data for jmpld30000047', 1);
INSERT INTO common_oltp\:user (user_id, first_name, last_name, create_date, handle, status, timezone_id) VALUES (30000047, 'Jessica', 'Theron', CURRENT, 'jmpld30000047', 'A', 143);
INSERT INTO common_oltp\:email (user_id, email_id, email_type_id, address, create_date, modify_date, primary_ind, status_id) VALUES (30000047, 30000047, 1, 'test@test.com', CURRENT, CURRENT, 1, 1);
INSERT INTO informixoltp\:coder (coder_id, member_since, quote, modify_date, language_id, coder_type_id, date_of_birth, comp_country_code, contact_date) VALUES (30000047, '2001-05-09 01:04:42.000', 'User quote', '2008-08-14 14:05:37.000', 1, 2, NULL, '840', NULL);
INSERT INTO common_oltp\:user_role_xref(user_role_id, login_id, role_id, create_user_id, security_status_id)  VALUES(1032, 30000047, 390003, 132456, 1);
INSERT INTO common_oltp\:user_role_xref(user_role_id, login_id, role_id, create_user_id, security_status_id)  VALUES(1033, 30000047, 2041, 132456, 1);
INSERT INTO common_oltp\:security_user (login_id, user_id, password, create_user_id) VALUES (30000048, 'ThinMan30000048', '4EjPjy6o+/C+dqNPnxIy9A==', 0);
INSERT INTO common_oltp\:user_security_key (user_id, security_key, security_key_type_id) VALUES (30000048, 'some key data for ThinMan30000048', 1);
INSERT INTO common_oltp\:user (user_id, first_name, last_name, create_date, handle, status, timezone_id) VALUES (30000048, 'Charlize', 'Bollinger', CURRENT, 'ThinMan30000048', 'A', 143);
INSERT INTO common_oltp\:email (user_id, email_id, email_type_id, address, create_date, modify_date, primary_ind, status_id) VALUES (30000048, 30000048, 1, 'test@test.com', CURRENT, CURRENT, 1, 1);
INSERT INTO informixoltp\:coder (coder_id, member_since, quote, modify_date, language_id, coder_type_id, date_of_birth, comp_country_code, contact_date) VALUES (30000048, '2001-05-09 01:04:42.000', 'User quote', '2008-08-14 14:05:37.000', 1, 2, NULL, '840', NULL);
INSERT INTO common_oltp\:user_role_xref(user_role_id, login_id, role_id, create_user_id, security_status_id)  VALUES(1034, 30000048, 1, 132456, 1);
INSERT INTO common_oltp\:user_role_xref(user_role_id, login_id, role_id, create_user_id, security_status_id)  VALUES(1035, 30000048, 1001, 132456, 1);
INSERT INTO common_oltp\:security_user (login_id, user_id, password, create_user_id) VALUES (30000049, 'srowen30000049', '4EjPjy6o+/C+dqNPnxIy9A==', 0);
INSERT INTO common_oltp\:user_security_key (user_id, security_key, security_key_type_id) VALUES (30000049, 'some key data for srowen30000049', 1);
INSERT INTO common_oltp\:user (user_id, first_name, last_name, create_date, handle, status, timezone_id) VALUES (30000049, 'Marc', 'Doe', CURRENT, 'srowen30000049', 'A', 143);
INSERT INTO common_oltp\:email (user_id, email_id, email_type_id, address, create_date, modify_date, primary_ind, status_id) VALUES (30000049, 30000049, 1, 'test@test.com', CURRENT, CURRENT, 1, 1);
INSERT INTO informixoltp\:coder (coder_id, member_since, quote, modify_date, language_id, coder_type_id, date_of_birth, comp_country_code, contact_date) VALUES (30000049, '2001-05-09 01:04:42.000', 'User quote', '2008-08-14 14:05:37.000', 1, 2, NULL, '840', NULL);
INSERT INTO common_oltp\:user_role_xref(user_role_id, login_id, role_id, create_user_id, security_status_id)  VALUES(1036, 30000049, 100, 132456, 1);
INSERT INTO common_oltp\:user_role_xref(user_role_id, login_id, role_id, create_user_id, security_status_id)  VALUES(1037, 30000049, 2000121, 132456, 1);
INSERT INTO common_oltp\:security_user (login_id, user_id, password, create_user_id) VALUES (30000050, 'ThinMan30000050', '4EjPjy6o+/C+dqNPnxIy9A==', 0);
INSERT INTO common_oltp\:user_security_key (user_id, security_key, security_key_type_id) VALUES (30000050, 'some key data for ThinMan30000050', 1);
INSERT INTO common_oltp\:user (user_id, first_name, last_name, create_date, handle, status, timezone_id) VALUES (30000050, 'Charlize', 'Messinger', CURRENT, 'ThinMan30000050', 'A', 143);
INSERT INTO common_oltp\:email (user_id, email_id, email_type_id, address, create_date, modify_date, primary_ind, status_id) VALUES (30000050, 30000050, 1, 'test@test.com', CURRENT, CURRENT, 1, 1);
INSERT INTO informixoltp\:coder (coder_id, member_since, quote, modify_date, language_id, coder_type_id, date_of_birth, comp_country_code, contact_date) VALUES (30000050, '2001-05-09 01:04:42.000', 'User quote', '2008-08-14 14:05:37.000', 1, 2, NULL, '840', NULL);
INSERT INTO common_oltp\:user_role_xref(user_role_id, login_id, role_id, create_user_id, security_status_id)  VALUES(1038, 30000050, 2000128, 132456, 1);
INSERT INTO common_oltp\:user_role_xref(user_role_id, login_id, role_id, create_user_id, security_status_id)  VALUES(1039, 30000050, 28, 132456, 1);
INSERT INTO common_oltp\:security_user (login_id, user_id, password, create_user_id) VALUES (30000051, 'ThinMan30000051', '4EjPjy6o+/C+dqNPnxIy9A==', 0);
INSERT INTO common_oltp\:user_security_key (user_id, security_key, security_key_type_id) VALUES (30000051, 'some key data for ThinMan30000051', 1);
INSERT INTO common_oltp\:user (user_id, first_name, last_name, create_date, handle, status, timezone_id) VALUES (30000051, 'Bill', 'Messinger', CURRENT, 'ThinMan30000051', 'A', 143);
INSERT INTO common_oltp\:email (user_id, email_id, email_type_id, address, create_date, modify_date, primary_ind, status_id) VALUES (30000051, 30000051, 1, 'test@test.com', CURRENT, CURRENT, 1, 1);
INSERT INTO informixoltp\:coder (coder_id, member_since, quote, modify_date, language_id, coder_type_id, date_of_birth, comp_country_code, contact_date) VALUES (30000051, '2001-05-09 01:04:42.000', 'User quote', '2008-08-14 14:05:37.000', 1, 2, NULL, '840', NULL);
INSERT INTO common_oltp\:user_role_xref(user_role_id, login_id, role_id, create_user_id, security_status_id)  VALUES(1040, 30000051, 2004, 132456, 1);
INSERT INTO common_oltp\:user_role_xref(user_role_id, login_id, role_id, create_user_id, security_status_id)  VALUES(1041, 30000051, 2000128, 132456, 1);
INSERT INTO customer_group(group_id, name, default_permission, client_id, archived, archived_on, effective_group_id, auto_grant)  VALUES(30000000, 'Client 30000001 Group #1', 'REPORT', 30000001, 0, null, null, 1);
INSERT INTO group_member(group_member_id, user_id, group_id, specific_permission, active, activated_on, use_group_default)  VALUES(1000, 20, 30000000, null, 1, '2014-09-29 13:43:21', 1);
INSERT INTO group_member(group_member_id, user_id, group_id, specific_permission, active, activated_on, use_group_default)  VALUES(1001, 124764, 30000000, null, 1, '2014-05-06 13:43:21', 1);
INSERT INTO group_member(group_member_id, user_id, group_id, specific_permission, active, activated_on, use_group_default)  VALUES(1002, 124766, 30000000, null, 1, '2013-11-28 05:43:21', 1);
INSERT INTO group_member(group_member_id, user_id, group_id, specific_permission, active, activated_on, use_group_default)  VALUES(1003, 124772, 30000000, null, 1, '2014-08-18 18:43:21', 1);
INSERT INTO group_member(group_member_id, user_id, group_id, specific_permission, active, activated_on, use_group_default)  VALUES(1004, 124776, 30000000, null, 1, '2014-10-14 12:43:21', 1);
INSERT INTO group_member(group_member_id, user_id, group_id, specific_permission, active, activated_on, use_group_default)  VALUES(1005, 124835, 30000000, null, 1, '2014-05-21 13:43:21', 1);
INSERT INTO group_member(group_member_id, user_id, group_id, specific_permission, active, activated_on, use_group_default)  VALUES(1006, 124852, 30000000, null, 1, '2014-11-01 15:43:21', 1);
INSERT INTO group_member(group_member_id, user_id, group_id, specific_permission, active, activated_on, use_group_default)  VALUES(1007, 124861, 30000000, null, 1, '2014-10-23 17:43:21', 1);
INSERT INTO group_member(group_member_id, user_id, group_id, specific_permission, active, activated_on, use_group_default)  VALUES(1008, 124916, 30000000, null, 1, '2014-08-31 22:43:21', 1);
INSERT INTO group_member(group_member_id, user_id, group_id, specific_permission, active, activated_on, use_group_default)  VALUES(1009, 132456, 30000000, null, 1, '2014-08-01 19:43:21', 1);
INSERT INTO group_associated_direct_projects(group_direct_project_id, group_id, tc_direct_project_id) VALUES(1000, 30000000, 30000001);
INSERT INTO customer_group(group_id, name, default_permission, client_id, archived, archived_on, effective_group_id, auto_grant)  VALUES(30000001, 'Client 30000001 Group #1', 'FULL', 30000001, 1, '2014-12-04 18:43:21', 30000000, 0);
INSERT INTO group_member(group_member_id, user_id, group_id, specific_permission, active, activated_on, use_group_default)  VALUES(1010, 124764, 30000001, null, 1, '2014-01-28 23:43:21', 1);
INSERT INTO group_member(group_member_id, user_id, group_id, specific_permission, active, activated_on, use_group_default)  VALUES(1011, 124766, 30000001, null, 1, '2014-09-04 13:43:21', 1);
INSERT INTO group_member(group_member_id, user_id, group_id, specific_permission, active, activated_on, use_group_default)  VALUES(1012, 124776, 30000001, null, 1, '2014-04-15 02:43:21', 1);
INSERT INTO group_member(group_member_id, user_id, group_id, specific_permission, active, activated_on, use_group_default)  VALUES(1013, 124836, 30000001, null, 1, '2014-12-29 16:43:21', 1);
INSERT INTO group_member(group_member_id, user_id, group_id, specific_permission, active, activated_on, use_group_default)  VALUES(1014, 124916, 30000001, null, 1, '2014-11-04 07:43:21', 1);
INSERT INTO group_member(group_member_id, user_id, group_id, specific_permission, active, activated_on, use_group_default)  VALUES(1015, 132457, 30000001, null, 1, '2014-08-13 22:43:21', 1);
INSERT INTO group_member(group_member_id, user_id, group_id, specific_permission, active, activated_on, use_group_default)  VALUES(1016, 132458, 30000001, null, 1, '2014-07-26 07:43:21', 1);
INSERT INTO group_associated_billing_accounts(group_id, billing_account_id) VALUES(30000001, 30000002);
INSERT INTO group_associated_billing_accounts(group_id, billing_account_id) VALUES(30000001, 30000003);
INSERT INTO group_associated_direct_projects(group_direct_project_id, group_id, tc_direct_project_id) VALUES(1001, 30000001, 30000001);
INSERT INTO group_associated_direct_projects(group_direct_project_id, group_id, tc_direct_project_id) VALUES(1002, 30000001, 30000003);
INSERT INTO group_associated_direct_projects(group_direct_project_id, group_id, tc_direct_project_id) VALUES(1003, 30000001, 30000006);
INSERT INTO customer_group(group_id, name, default_permission, client_id, archived, archived_on, effective_group_id, auto_grant)  VALUES(30000002, 'Client 30000001 Group #2', 'WRITE', 30000001, 0, null, null, 0);
INSERT INTO group_member(group_member_id, user_id, group_id, specific_permission, active, activated_on, use_group_default)  VALUES(1017, 20, 30000002, null, 1, '2014-11-14 03:43:21', 1);
INSERT INTO group_member(group_member_id, user_id, group_id, specific_permission, active, activated_on, use_group_default)  VALUES(1018, 124766, 30000002, null, 1, '2014-05-25 12:43:21', 1);
INSERT INTO group_member(group_member_id, user_id, group_id, specific_permission, active, activated_on, use_group_default)  VALUES(1019, 124776, 30000002, null, 1, '2014-03-26 15:43:21', 1);
INSERT INTO group_member(group_member_id, user_id, group_id, specific_permission, active, activated_on, use_group_default)  VALUES(1020, 124834, 30000002, null, 1, '2014-05-27 04:43:21', 1);
INSERT INTO group_member(group_member_id, user_id, group_id, specific_permission, active, activated_on, use_group_default)  VALUES(1021, 124853, 30000002, null, 1, '2014-03-06 19:43:21', 1);
INSERT INTO group_member(group_member_id, user_id, group_id, specific_permission, active, activated_on, use_group_default)  VALUES(1022, 124856, 30000002, null, 1, '2014-04-03 19:43:21', 1);
INSERT INTO group_member(group_member_id, user_id, group_id, specific_permission, active, activated_on, use_group_default)  VALUES(1023, 124857, 30000002, null, 1, '2013-12-10 01:43:21', 1);
INSERT INTO group_member(group_member_id, user_id, group_id, specific_permission, active, activated_on, use_group_default)  VALUES(1024, 124916, 30000002, null, 1, '2014-09-20 09:43:21', 1);
INSERT INTO group_member(group_member_id, user_id, group_id, specific_permission, active, activated_on, use_group_default)  VALUES(1025, 132457, 30000002, null, 1, '2014-12-15 03:43:21', 1);
INSERT INTO group_member(group_member_id, user_id, group_id, specific_permission, active, activated_on, use_group_default)  VALUES(1026, 22719217, 30000002, null, 1, '2014-04-08 15:43:21', 1);
INSERT INTO group_associated_billing_accounts(group_id, billing_account_id) VALUES(30000002, 30000002);
INSERT INTO group_associated_direct_projects(group_direct_project_id, group_id, tc_direct_project_id) VALUES(1004, 30000002, 30000001);
INSERT INTO group_associated_direct_projects(group_direct_project_id, group_id, tc_direct_project_id) VALUES(1005, 30000002, 30000002);
INSERT INTO group_associated_direct_projects(group_direct_project_id, group_id, tc_direct_project_id) VALUES(1006, 30000002, 30000006);
INSERT INTO group_associated_direct_projects(group_direct_project_id, group_id, tc_direct_project_id) VALUES(1007, 30000002, 30000009);
INSERT INTO customer_group(group_id, name, default_permission, client_id, archived, archived_on, effective_group_id, auto_grant)  VALUES(30000003, 'Client 30000001 Group #2', 'REPORT', 30000001, 1, '2014-10-29 18:43:21', 30000002, 0);
INSERT INTO group_member(group_member_id, user_id, group_id, specific_permission, active, activated_on, use_group_default)  VALUES(1027, 20, 30000003, null, 1, '2014-04-14 13:43:21', 1);
INSERT INTO group_member(group_member_id, user_id, group_id, specific_permission, active, activated_on, use_group_default)  VALUES(1028, 124764, 30000003, null, 1, '2014-05-21 01:43:21', 1);
INSERT INTO group_member(group_member_id, user_id, group_id, specific_permission, active, activated_on, use_group_default)  VALUES(1029, 124766, 30000003, null, 1, '2014-09-25 15:43:21', 1);
INSERT INTO group_member(group_member_id, user_id, group_id, specific_permission, active, activated_on, use_group_default)  VALUES(1030, 124852, 30000003, null, 1, '2014-12-29 11:43:21', 1);
INSERT INTO group_member(group_member_id, user_id, group_id, specific_permission, active, activated_on, use_group_default)  VALUES(1031, 124856, 30000003, null, 1, '2014-07-21 07:43:21', 1);
INSERT INTO group_member(group_member_id, user_id, group_id, specific_permission, active, activated_on, use_group_default)  VALUES(1032, 124857, 30000003, null, 1, '2014-06-16 01:43:21', 1);
INSERT INTO group_member(group_member_id, user_id, group_id, specific_permission, active, activated_on, use_group_default)  VALUES(1033, 132456, 30000003, null, 1, '2014-12-03 06:43:21', 1);
INSERT INTO group_member(group_member_id, user_id, group_id, specific_permission, active, activated_on, use_group_default)  VALUES(1034, 22719217, 30000003, null, 1, '2014-04-29 14:43:21', 1);
INSERT INTO group_member(group_member_id, user_id, group_id, specific_permission, active, activated_on, use_group_default)  VALUES(1035, 22873364, 30000003, null, 1, '2014-07-13 01:43:21', 1);
INSERT INTO group_associated_billing_accounts(group_id, billing_account_id) VALUES(30000003, 30000001);
INSERT INTO group_associated_billing_accounts(group_id, billing_account_id) VALUES(30000003, 30000002);
INSERT INTO group_associated_direct_projects(group_direct_project_id, group_id, tc_direct_project_id) VALUES(1008, 30000003, 30000001);
INSERT INTO group_associated_direct_projects(group_direct_project_id, group_id, tc_direct_project_id) VALUES(1009, 30000003, 30000002);
INSERT INTO group_associated_direct_projects(group_direct_project_id, group_id, tc_direct_project_id) VALUES(1010, 30000003, 30000003);
INSERT INTO group_associated_direct_projects(group_direct_project_id, group_id, tc_direct_project_id) VALUES(1011, 30000003, 30000005);
INSERT INTO group_associated_direct_projects(group_direct_project_id, group_id, tc_direct_project_id) VALUES(1012, 30000003, 30000006);
INSERT INTO group_associated_direct_projects(group_direct_project_id, group_id, tc_direct_project_id) VALUES(1013, 30000003, 30000009);
INSERT INTO customer_group(group_id, name, default_permission, client_id, archived, archived_on, effective_group_id, auto_grant)  VALUES(30000004, 'Client 30000002 Group #1', 'REPORT', 30000002, 0, null, null, 1);
INSERT INTO group_member(group_member_id, user_id, group_id, specific_permission, active, activated_on, use_group_default)  VALUES(1036, 21, 30000004, null, 1, '2014-10-25 13:43:21', 1);
INSERT INTO group_member(group_member_id, user_id, group_id, specific_permission, active, activated_on, use_group_default)  VALUES(1037, 124764, 30000004, null, 1, '2013-12-04 13:43:21', 1);
INSERT INTO group_member(group_member_id, user_id, group_id, specific_permission, active, activated_on, use_group_default)  VALUES(1038, 124772, 30000004, null, 1, '2013-12-24 15:43:21', 1);
INSERT INTO group_member(group_member_id, user_id, group_id, specific_permission, active, activated_on, use_group_default)  VALUES(1039, 124834, 30000004, null, 1, '2014-05-10 08:43:21', 1);
INSERT INTO group_member(group_member_id, user_id, group_id, specific_permission, active, activated_on, use_group_default)  VALUES(1040, 124836, 30000004, null, 1, '2014-05-24 15:43:21', 1);
INSERT INTO group_member(group_member_id, user_id, group_id, specific_permission, active, activated_on, use_group_default)  VALUES(1041, 124861, 30000004, null, 1, '2014-12-27 17:43:21', 1);
INSERT INTO group_member(group_member_id, user_id, group_id, specific_permission, active, activated_on, use_group_default)  VALUES(1042, 124916, 30000004, null, 1, '2014-03-03 01:43:21', 1);
INSERT INTO group_member(group_member_id, user_id, group_id, specific_permission, active, activated_on, use_group_default)  VALUES(1043, 132457, 30000004, null, 1, '2014-12-05 04:43:21', 1);
INSERT INTO group_member(group_member_id, user_id, group_id, specific_permission, active, activated_on, use_group_default)  VALUES(1044, 22770213, 30000004, null, 1, '2014-06-22 20:43:21', 1);
INSERT INTO group_associated_direct_projects(group_direct_project_id, group_id, tc_direct_project_id) VALUES(1014, 30000004, 30000010);
INSERT INTO group_associated_direct_projects(group_direct_project_id, group_id, tc_direct_project_id) VALUES(1015, 30000004, 30000012);
INSERT INTO group_associated_direct_projects(group_direct_project_id, group_id, tc_direct_project_id) VALUES(1016, 30000004, 30000013);
INSERT INTO group_associated_direct_projects(group_direct_project_id, group_id, tc_direct_project_id) VALUES(1017, 30000004, 30000014);
INSERT INTO group_associated_direct_projects(group_direct_project_id, group_id, tc_direct_project_id) VALUES(1018, 30000004, 30000015);
INSERT INTO customer_group(group_id, name, default_permission, client_id, archived, archived_on, effective_group_id, auto_grant)  VALUES(30000005, 'Client 30000002 Group #1', 'READ', 30000002, 1, '2014-10-01 18:43:21', 30000004, 0);
INSERT INTO group_member(group_member_id, user_id, group_id, specific_permission, active, activated_on, use_group_default)  VALUES(1045, 20, 30000005, null, 1, '2014-12-02 08:43:21', 1);
INSERT INTO group_member(group_member_id, user_id, group_id, specific_permission, active, activated_on, use_group_default)  VALUES(1046, 21, 30000005, null, 1, '2014-05-22 07:43:21', 1);
INSERT INTO group_member(group_member_id, user_id, group_id, specific_permission, active, activated_on, use_group_default)  VALUES(1047, 124764, 30000005, null, 1, '2014-06-06 22:43:21', 1);
INSERT INTO group_member(group_member_id, user_id, group_id, specific_permission, active, activated_on, use_group_default)  VALUES(1048, 124766, 30000005, null, 1, '2014-01-20 21:43:21', 1);
INSERT INTO group_member(group_member_id, user_id, group_id, specific_permission, active, activated_on, use_group_default)  VALUES(1049, 124776, 30000005, null, 1, '2014-01-26 13:43:21', 1);
INSERT INTO group_member(group_member_id, user_id, group_id, specific_permission, active, activated_on, use_group_default)  VALUES(1050, 124835, 30000005, null, 1, '2014-11-09 11:43:21', 1);
INSERT INTO group_member(group_member_id, user_id, group_id, specific_permission, active, activated_on, use_group_default)  VALUES(1051, 124836, 30000005, null, 1, '2014-12-18 09:43:21', 1);
INSERT INTO group_member(group_member_id, user_id, group_id, specific_permission, active, activated_on, use_group_default)  VALUES(1052, 124852, 30000005, null, 1, '2014-07-15 10:43:21', 1);
INSERT INTO group_member(group_member_id, user_id, group_id, specific_permission, active, activated_on, use_group_default)  VALUES(1053, 124857, 30000005, null, 1, '2014-01-05 22:43:21', 1);
INSERT INTO group_member(group_member_id, user_id, group_id, specific_permission, active, activated_on, use_group_default)  VALUES(1054, 124916, 30000005, null, 1, '2014-04-19 00:43:21', 1);
INSERT INTO group_member(group_member_id, user_id, group_id, specific_permission, active, activated_on, use_group_default)  VALUES(1055, 132456, 30000005, null, 1, '2014-08-05 06:43:21', 1);
INSERT INTO group_member(group_member_id, user_id, group_id, specific_permission, active, activated_on, use_group_default)  VALUES(1056, 132457, 30000005, null, 1, '2014-08-29 23:43:21', 1);
INSERT INTO group_member(group_member_id, user_id, group_id, specific_permission, active, activated_on, use_group_default)  VALUES(1057, 22770213, 30000005, null, 1, '2014-09-15 09:43:21', 1);
INSERT INTO group_member(group_member_id, user_id, group_id, specific_permission, active, activated_on, use_group_default)  VALUES(1058, 22719217, 30000005, null, 1, '2013-12-29 20:43:21', 1);
INSERT INTO group_member(group_member_id, user_id, group_id, specific_permission, active, activated_on, use_group_default)  VALUES(1059, 22873364, 30000005, null, 1, '2014-10-28 02:43:21', 1);
INSERT INTO group_associated_billing_accounts(group_id, billing_account_id) VALUES(30000005, 30000004);
INSERT INTO group_associated_billing_accounts(group_id, billing_account_id) VALUES(30000005, 30000005);
INSERT INTO group_associated_direct_projects(group_direct_project_id, group_id, tc_direct_project_id) VALUES(1019, 30000005, 30000010);
INSERT INTO group_associated_direct_projects(group_direct_project_id, group_id, tc_direct_project_id) VALUES(1020, 30000005, 30000011);
INSERT INTO group_associated_direct_projects(group_direct_project_id, group_id, tc_direct_project_id) VALUES(1021, 30000005, 30000014);
INSERT INTO group_associated_direct_projects(group_direct_project_id, group_id, tc_direct_project_id) VALUES(1022, 30000005, 30000015);
INSERT INTO customer_group(group_id, name, default_permission, client_id, archived, archived_on, effective_group_id, auto_grant)  VALUES(30000006, 'Client 30000002 Group #2', 'READ', 30000002, 0, null, null, 1);
INSERT INTO group_member(group_member_id, user_id, group_id, specific_permission, active, activated_on, use_group_default)  VALUES(1060, 20, 30000006, null, 1, '2014-05-15 21:43:21', 1);
INSERT INTO group_member(group_member_id, user_id, group_id, specific_permission, active, activated_on, use_group_default)  VALUES(1061, 124772, 30000006, null, 1, '2014-03-20 20:43:21', 1);
INSERT INTO group_member(group_member_id, user_id, group_id, specific_permission, active, activated_on, use_group_default)  VALUES(1062, 124834, 30000006, null, 1, '2013-12-20 13:43:21', 1);
INSERT INTO group_member(group_member_id, user_id, group_id, specific_permission, active, activated_on, use_group_default)  VALUES(1063, 124835, 30000006, null, 1, '2014-08-27 01:43:21', 1);
INSERT INTO group_member(group_member_id, user_id, group_id, specific_permission, active, activated_on, use_group_default)  VALUES(1064, 124836, 30000006, null, 1, '2014-05-04 17:43:21', 1);
INSERT INTO group_member(group_member_id, user_id, group_id, specific_permission, active, activated_on, use_group_default)  VALUES(1065, 124852, 30000006, null, 1, '2014-11-03 03:43:21', 1);
INSERT INTO group_member(group_member_id, user_id, group_id, specific_permission, active, activated_on, use_group_default)  VALUES(1066, 124853, 30000006, null, 1, '2013-12-16 16:43:21', 1);
INSERT INTO group_member(group_member_id, user_id, group_id, specific_permission, active, activated_on, use_group_default)  VALUES(1067, 124857, 30000006, null, 1, '2014-08-22 06:43:21', 1);
INSERT INTO group_member(group_member_id, user_id, group_id, specific_permission, active, activated_on, use_group_default)  VALUES(1068, 124861, 30000006, null, 1, '2014-02-12 11:43:21', 1);
INSERT INTO group_member(group_member_id, user_id, group_id, specific_permission, active, activated_on, use_group_default)  VALUES(1069, 124916, 30000006, null, 1, '2014-01-05 23:43:21', 1);
INSERT INTO group_member(group_member_id, user_id, group_id, specific_permission, active, activated_on, use_group_default)  VALUES(1070, 132458, 30000006, null, 1, '2014-02-20 02:43:21', 1);
INSERT INTO group_member(group_member_id, user_id, group_id, specific_permission, active, activated_on, use_group_default)  VALUES(1071, 22770213, 30000006, null, 1, '2014-12-23 13:43:21', 1);
INSERT INTO group_member(group_member_id, user_id, group_id, specific_permission, active, activated_on, use_group_default)  VALUES(1072, 22873364, 30000006, null, 1, '2014-03-10 18:43:21', 1);
INSERT INTO group_associated_billing_accounts(group_id, billing_account_id) VALUES(30000006, 30000004);
INSERT INTO group_associated_direct_projects(group_direct_project_id, group_id, tc_direct_project_id) VALUES(1023, 30000006, 30000015);
INSERT INTO customer_group(group_id, name, default_permission, client_id, archived, archived_on, effective_group_id, auto_grant)  VALUES(30000007, 'Client 30000002 Group #2', 'REPORT', 30000002, 1, '2014-10-06 18:43:21', 30000006, 0);
INSERT INTO group_member(group_member_id, user_id, group_id, specific_permission, active, activated_on, use_group_default)  VALUES(1073, 21, 30000007, null, 1, '2013-12-23 06:43:21', 1);
INSERT INTO group_member(group_member_id, user_id, group_id, specific_permission, active, activated_on, use_group_default)  VALUES(1074, 124772, 30000007, null, 1, '2014-12-20 12:43:21', 1);
INSERT INTO group_member(group_member_id, user_id, group_id, specific_permission, active, activated_on, use_group_default)  VALUES(1075, 124834, 30000007, null, 1, '2014-04-16 16:43:21', 1);
INSERT INTO group_member(group_member_id, user_id, group_id, specific_permission, active, activated_on, use_group_default)  VALUES(1076, 124835, 30000007, null, 1, '2014-10-04 02:43:21', 1);
INSERT INTO group_member(group_member_id, user_id, group_id, specific_permission, active, activated_on, use_group_default)  VALUES(1077, 124836, 30000007, null, 1, '2014-09-21 06:43:21', 1);
INSERT INTO group_member(group_member_id, user_id, group_id, specific_permission, active, activated_on, use_group_default)  VALUES(1078, 124853, 30000007, null, 1, '2014-01-06 09:43:21', 1);
INSERT INTO group_member(group_member_id, user_id, group_id, specific_permission, active, activated_on, use_group_default)  VALUES(1079, 124856, 30000007, null, 1, '2014-02-09 14:43:21', 1);
INSERT INTO group_member(group_member_id, user_id, group_id, specific_permission, active, activated_on, use_group_default)  VALUES(1080, 124857, 30000007, null, 1, '2014-01-08 16:43:21', 1);
INSERT INTO group_member(group_member_id, user_id, group_id, specific_permission, active, activated_on, use_group_default)  VALUES(1081, 124916, 30000007, null, 1, '2014-03-19 02:43:21', 1);
INSERT INTO group_member(group_member_id, user_id, group_id, specific_permission, active, activated_on, use_group_default)  VALUES(1082, 132457, 30000007, null, 1, '2014-01-31 12:43:21', 1);
INSERT INTO group_member(group_member_id, user_id, group_id, specific_permission, active, activated_on, use_group_default)  VALUES(1083, 22719217, 30000007, null, 1, '2014-11-07 16:43:21', 1);
INSERT INTO group_associated_direct_projects(group_direct_project_id, group_id, tc_direct_project_id) VALUES(1024, 30000007, 30000010);
INSERT INTO group_associated_direct_projects(group_direct_project_id, group_id, tc_direct_project_id) VALUES(1025, 30000007, 30000011);
INSERT INTO group_associated_direct_projects(group_direct_project_id, group_id, tc_direct_project_id) VALUES(1026, 30000007, 30000012);
INSERT INTO group_associated_direct_projects(group_direct_project_id, group_id, tc_direct_project_id) VALUES(1027, 30000007, 30000014);
INSERT INTO group_associated_direct_projects(group_direct_project_id, group_id, tc_direct_project_id) VALUES(1028, 30000007, 30000015);
INSERT INTO customer_group(group_id, name, default_permission, client_id, archived, archived_on, effective_group_id, auto_grant)  VALUES(30000008, 'Client 30000003 Group #1', 'FULL', 30000003, 0, null, null, 0);
INSERT INTO group_member(group_member_id, user_id, group_id, specific_permission, active, activated_on, use_group_default)  VALUES(1084, 20, 30000008, null, 1, '2014-05-15 15:43:21', 1);
INSERT INTO group_member(group_member_id, user_id, group_id, specific_permission, active, activated_on, use_group_default)  VALUES(1085, 124766, 30000008, null, 1, '2014-12-18 07:43:21', 1);
INSERT INTO group_member(group_member_id, user_id, group_id, specific_permission, active, activated_on, use_group_default)  VALUES(1086, 124776, 30000008, null, 1, '2014-11-10 16:43:21', 1);
INSERT INTO group_member(group_member_id, user_id, group_id, specific_permission, active, activated_on, use_group_default)  VALUES(1087, 124835, 30000008, null, 1, '2014-12-17 19:43:21', 1);
INSERT INTO group_member(group_member_id, user_id, group_id, specific_permission, active, activated_on, use_group_default)  VALUES(1088, 124836, 30000008, null, 1, '2013-12-07 23:43:21', 1);
INSERT INTO group_member(group_member_id, user_id, group_id, specific_permission, active, activated_on, use_group_default)  VALUES(1089, 124856, 30000008, null, 1, '2014-01-28 03:43:21', 1);
INSERT INTO group_member(group_member_id, user_id, group_id, specific_permission, active, activated_on, use_group_default)  VALUES(1090, 124857, 30000008, null, 1, '2014-12-08 10:43:21', 1);
INSERT INTO group_member(group_member_id, user_id, group_id, specific_permission, active, activated_on, use_group_default)  VALUES(1091, 124861, 30000008, null, 1, '2014-07-15 18:43:21', 1);
INSERT INTO group_member(group_member_id, user_id, group_id, specific_permission, active, activated_on, use_group_default)  VALUES(1092, 124916, 30000008, null, 1, '2014-11-26 14:43:21', 1);
INSERT INTO group_member(group_member_id, user_id, group_id, specific_permission, active, activated_on, use_group_default)  VALUES(1093, 132458, 30000008, null, 1, '2014-08-01 00:43:21', 1);
INSERT INTO group_member(group_member_id, user_id, group_id, specific_permission, active, activated_on, use_group_default)  VALUES(1094, 22770213, 30000008, null, 1, '2014-02-05 03:43:21', 1);
INSERT INTO group_member(group_member_id, user_id, group_id, specific_permission, active, activated_on, use_group_default)  VALUES(1095, 22719217, 30000008, null, 1, '2014-01-06 11:43:21', 1);
INSERT INTO group_member(group_member_id, user_id, group_id, specific_permission, active, activated_on, use_group_default)  VALUES(1096, 22873364, 30000008, null, 1, '2014-01-18 13:43:21', 1);
INSERT INTO group_associated_billing_accounts(group_id, billing_account_id) VALUES(30000008, 30000007);
INSERT INTO group_associated_direct_projects(group_direct_project_id, group_id, tc_direct_project_id) VALUES(1029, 30000008, 30000018);
INSERT INTO group_associated_direct_projects(group_direct_project_id, group_id, tc_direct_project_id) VALUES(1030, 30000008, 30000021);
INSERT INTO customer_group(group_id, name, default_permission, client_id, archived, archived_on, effective_group_id, auto_grant)  VALUES(30000009, 'Client 30000003 Group #1', 'FULL', 30000003, 1, '2014-12-06 18:43:21', 30000008, 0);
INSERT INTO group_member(group_member_id, user_id, group_id, specific_permission, active, activated_on, use_group_default)  VALUES(1097, 20, 30000009, null, 1, '2014-01-12 06:43:21', 1);
INSERT INTO group_member(group_member_id, user_id, group_id, specific_permission, active, activated_on, use_group_default)  VALUES(1098, 124776, 30000009, null, 1, '2014-05-23 07:43:21', 1);
INSERT INTO group_member(group_member_id, user_id, group_id, specific_permission, active, activated_on, use_group_default)  VALUES(1099, 124834, 30000009, null, 1, '2014-07-09 06:43:21', 1);
INSERT INTO group_member(group_member_id, user_id, group_id, specific_permission, active, activated_on, use_group_default)  VALUES(1100, 124836, 30000009, null, 1, '2014-07-26 19:43:21', 1);
INSERT INTO group_member(group_member_id, user_id, group_id, specific_permission, active, activated_on, use_group_default)  VALUES(1101, 124853, 30000009, null, 1, '2015-01-03 21:43:21', 1);
INSERT INTO group_member(group_member_id, user_id, group_id, specific_permission, active, activated_on, use_group_default)  VALUES(1102, 124857, 30000009, null, 1, '2013-12-04 07:43:21', 1);
INSERT INTO group_member(group_member_id, user_id, group_id, specific_permission, active, activated_on, use_group_default)  VALUES(1103, 124861, 30000009, null, 1, '2014-03-06 00:43:21', 1);
INSERT INTO group_member(group_member_id, user_id, group_id, specific_permission, active, activated_on, use_group_default)  VALUES(1104, 132456, 30000009, null, 1, '2014-03-14 15:43:21', 1);
INSERT INTO group_member(group_member_id, user_id, group_id, specific_permission, active, activated_on, use_group_default)  VALUES(1105, 132457, 30000009, null, 1, '2014-09-26 20:43:21', 1);
INSERT INTO group_member(group_member_id, user_id, group_id, specific_permission, active, activated_on, use_group_default)  VALUES(1106, 22770213, 30000009, null, 1, '2014-10-17 06:43:21', 1);
INSERT INTO group_member(group_member_id, user_id, group_id, specific_permission, active, activated_on, use_group_default)  VALUES(1107, 22873364, 30000009, null, 1, '2014-11-27 22:43:21', 1);
INSERT INTO group_associated_billing_accounts(group_id, billing_account_id) VALUES(30000009, 30000007);
INSERT INTO customer_group(group_id, name, default_permission, client_id, archived, archived_on, effective_group_id, auto_grant)  VALUES(30000010, 'Client 30000003 Group #2', 'FULL', 30000003, 0, null, null, 0);
INSERT INTO group_member(group_member_id, user_id, group_id, specific_permission, active, activated_on, use_group_default)  VALUES(1108, 124764, 30000010, null, 1, '2014-09-08 19:43:21', 1);
INSERT INTO group_member(group_member_id, user_id, group_id, specific_permission, active, activated_on, use_group_default)  VALUES(1109, 124766, 30000010, null, 1, '2014-02-15 13:43:21', 1);
INSERT INTO group_member(group_member_id, user_id, group_id, specific_permission, active, activated_on, use_group_default)  VALUES(1110, 124776, 30000010, null, 1, '2014-02-07 22:43:21', 1);
INSERT INTO group_member(group_member_id, user_id, group_id, specific_permission, active, activated_on, use_group_default)  VALUES(1111, 124852, 30000010, null, 1, '2014-09-08 06:43:21', 1);
INSERT INTO group_member(group_member_id, user_id, group_id, specific_permission, active, activated_on, use_group_default)  VALUES(1112, 124856, 30000010, null, 1, '2014-11-12 16:43:21', 1);
INSERT INTO group_member(group_member_id, user_id, group_id, specific_permission, active, activated_on, use_group_default)  VALUES(1113, 124916, 30000010, null, 1, '2013-12-24 16:43:21', 1);
INSERT INTO group_member(group_member_id, user_id, group_id, specific_permission, active, activated_on, use_group_default)  VALUES(1114, 22719217, 30000010, null, 1, '2014-04-14 14:43:21', 1);
INSERT INTO group_associated_direct_projects(group_direct_project_id, group_id, tc_direct_project_id) VALUES(1031, 30000010, 30000017);
INSERT INTO group_associated_direct_projects(group_direct_project_id, group_id, tc_direct_project_id) VALUES(1032, 30000010, 30000019);
INSERT INTO customer_group(group_id, name, default_permission, client_id, archived, archived_on, effective_group_id, auto_grant)  VALUES(30000011, 'Client 30000003 Group #2', 'REPORT', 30000003, 1, '2014-10-23 18:43:21', 30000010, 0);
INSERT INTO group_member(group_member_id, user_id, group_id, specific_permission, active, activated_on, use_group_default)  VALUES(1115, 20, 30000011, null, 1, '2014-08-23 06:43:21', 1);
INSERT INTO group_member(group_member_id, user_id, group_id, specific_permission, active, activated_on, use_group_default)  VALUES(1116, 21, 30000011, null, 1, '2014-03-15 07:43:21', 1);
INSERT INTO group_member(group_member_id, user_id, group_id, specific_permission, active, activated_on, use_group_default)  VALUES(1117, 124776, 30000011, null, 1, '2014-10-08 05:43:21', 1);
INSERT INTO group_member(group_member_id, user_id, group_id, specific_permission, active, activated_on, use_group_default)  VALUES(1118, 124835, 30000011, null, 1, '2013-11-30 15:43:21', 1);
INSERT INTO group_member(group_member_id, user_id, group_id, specific_permission, active, activated_on, use_group_default)  VALUES(1119, 124857, 30000011, null, 1, '2014-04-08 16:43:21', 1);
INSERT INTO group_member(group_member_id, user_id, group_id, specific_permission, active, activated_on, use_group_default)  VALUES(1120, 124916, 30000011, null, 1, '2014-07-25 07:43:21', 1);
INSERT INTO group_member(group_member_id, user_id, group_id, specific_permission, active, activated_on, use_group_default)  VALUES(1121, 132456, 30000011, null, 1, '2013-11-17 12:43:21', 1);
INSERT INTO group_member(group_member_id, user_id, group_id, specific_permission, active, activated_on, use_group_default)  VALUES(1122, 132457, 30000011, null, 1, '2014-01-08 10:43:21', 1);
INSERT INTO group_associated_billing_accounts(group_id, billing_account_id) VALUES(30000011, 30000007);
INSERT INTO group_associated_direct_projects(group_direct_project_id, group_id, tc_direct_project_id) VALUES(1033, 30000011, 30000016);
INSERT INTO group_associated_direct_projects(group_direct_project_id, group_id, tc_direct_project_id) VALUES(1034, 30000011, 30000017);
INSERT INTO group_associated_direct_projects(group_direct_project_id, group_id, tc_direct_project_id) VALUES(1035, 30000011, 30000019);
INSERT INTO group_associated_direct_projects(group_direct_project_id, group_id, tc_direct_project_id) VALUES(1036, 30000011, 30000020);
INSERT INTO user_terms_of_use_xref     SELECT u.user_id, t.terms_of_use_id, CURRENT, CURRENT     FROM user u JOIN terms_of_use t ON 1=1     LEFT JOIN (SELECT user_id, terms_of_use_id FROM user_terms_of_use_xref) x          ON x.user_id = u.user_id AND x.terms_of_use_id = t.terms_of_use_id    WHERE x.user_id IS NULL;
INSERT INTO user_rating   SELECT u.user_id,          ABS(MOD(TRUNC((((u.user_id * 1103515245) + 12345) - 4294967296 * TRUNC(((t.project_category_id * 1103515245) + 12345) / 4294967296)) / 65536), 3000)),          t.project_category_id + 111, 0, 0, 0, CURRENT, CURRENT,   NULL::DECIMAL(12,0)   FROM user u JOIN project_category_lu t ON 1=1   LEFT JOIN (SELECT user_id, phase_id FROM user_rating) x        ON x.user_id = u.user_id AND x.phase_id = (t.project_category_id + 111)  WHERE x.user_id IS NULL AND t.project_category_id IN (1, 2, 6, 7, 13, 14, 19, 23, 24, 26, 35, 36);
INSERT INTO copilot_profile (copilot_profile_id, user_id, copilot_profile_status_id, suspension_count, reliability, activation_date, show_copilot_earnings, create_user, create_date, update_user, update_date) VALUES (30000001, 132456, 1, 0, 56.0, '2015-01-06 18:43:21', 't', 132456, CURRENT, 132456, CURRENT);
INSERT INTO copilot_project (copilot_project_id, copilot_profile_id, tc_direct_project_id, copilot_type_id, copilot_project_status_id, private_project, create_user, create_date, modify_user, modify_date) VALUES (30000001, 30000001, 30000002, 1, 1, '0', 132456, CURRENT, 132456, CURRENT);
INSERT INTO copilot_project (copilot_project_id, copilot_profile_id, tc_direct_project_id, copilot_type_id, copilot_project_status_id, private_project, create_user, create_date, modify_user, modify_date) VALUES (30000002, 30000001, 30000005, 1, 1, '0', 132456, CURRENT, 132456, CURRENT);
INSERT INTO copilot_project (copilot_project_id, copilot_profile_id, tc_direct_project_id, copilot_type_id, copilot_project_status_id, private_project, create_user, create_date, modify_user, modify_date) VALUES (30000003, 30000001, 30000007, 1, 1, '0', 132456, CURRENT, 132456, CURRENT);
INSERT INTO copilot_project (copilot_project_id, copilot_profile_id, tc_direct_project_id, copilot_type_id, copilot_project_status_id, private_project, create_user, create_date, modify_user, modify_date) VALUES (30000004, 30000001, 30000012, 1, 1, '0', 132456, CURRENT, 132456, CURRENT);
INSERT INTO copilot_project (copilot_project_id, copilot_profile_id, tc_direct_project_id, copilot_type_id, copilot_project_status_id, private_project, create_user, create_date, modify_user, modify_date) VALUES (30000005, 30000001, 30000016, 1, 1, '0', 132456, CURRENT, 132456, CURRENT);
INSERT INTO copilot_project (copilot_project_id, copilot_profile_id, tc_direct_project_id, copilot_type_id, copilot_project_status_id, private_project, create_user, create_date, modify_user, modify_date) VALUES (30000006, 30000001, 30000017, 1, 1, '0', 132456, CURRENT, 132456, CURRENT);
INSERT INTO copilot_project (copilot_project_id, copilot_profile_id, tc_direct_project_id, copilot_type_id, copilot_project_status_id, private_project, create_user, create_date, modify_user, modify_date) VALUES (30000007, 30000001, 30000021, 1, 1, '0', 132456, CURRENT, 132456, CURRENT);
INSERT INTO copilot_profile (copilot_profile_id, user_id, copilot_profile_status_id, suspension_count, reliability, activation_date, show_copilot_earnings, create_user, create_date, update_user, update_date) VALUES (30000002, 132458, 1, 0, 58.0, '2015-01-06 18:43:21', 't', 132456, CURRENT, 132456, CURRENT);
INSERT INTO copilot_project (copilot_project_id, copilot_profile_id, tc_direct_project_id, copilot_type_id, copilot_project_status_id, private_project, create_user, create_date, modify_user, modify_date) VALUES (30000008, 30000002, 30000001, 1, 1, '0', 132456, CURRENT, 132456, CURRENT);
INSERT INTO copilot_project (copilot_project_id, copilot_profile_id, tc_direct_project_id, copilot_type_id, copilot_project_status_id, private_project, create_user, create_date, modify_user, modify_date) VALUES (30000009, 30000002, 30000003, 1, 1, '0', 132456, CURRENT, 132456, CURRENT);
INSERT INTO copilot_project (copilot_project_id, copilot_profile_id, tc_direct_project_id, copilot_type_id, copilot_project_status_id, private_project, create_user, create_date, modify_user, modify_date) VALUES (30000010, 30000002, 30000004, 1, 1, '0', 132456, CURRENT, 132456, CURRENT);
INSERT INTO copilot_project (copilot_project_id, copilot_profile_id, tc_direct_project_id, copilot_type_id, copilot_project_status_id, private_project, create_user, create_date, modify_user, modify_date) VALUES (30000011, 30000002, 30000005, 1, 1, '0', 132456, CURRENT, 132456, CURRENT);
INSERT INTO copilot_project (copilot_project_id, copilot_profile_id, tc_direct_project_id, copilot_type_id, copilot_project_status_id, private_project, create_user, create_date, modify_user, modify_date) VALUES (30000012, 30000002, 30000006, 1, 1, '0', 132456, CURRENT, 132456, CURRENT);
INSERT INTO copilot_project (copilot_project_id, copilot_profile_id, tc_direct_project_id, copilot_type_id, copilot_project_status_id, private_project, create_user, create_date, modify_user, modify_date) VALUES (30000013, 30000002, 30000010, 1, 1, '0', 132456, CURRENT, 132456, CURRENT);
INSERT INTO copilot_project (copilot_project_id, copilot_profile_id, tc_direct_project_id, copilot_type_id, copilot_project_status_id, private_project, create_user, create_date, modify_user, modify_date) VALUES (30000014, 30000002, 30000014, 1, 1, '0', 132456, CURRENT, 132456, CURRENT);
INSERT INTO copilot_project (copilot_project_id, copilot_profile_id, tc_direct_project_id, copilot_type_id, copilot_project_status_id, private_project, create_user, create_date, modify_user, modify_date) VALUES (30000015, 30000002, 30000015, 1, 1, '0', 132456, CURRENT, 132456, CURRENT);
INSERT INTO copilot_project (copilot_project_id, copilot_profile_id, tc_direct_project_id, copilot_type_id, copilot_project_status_id, private_project, create_user, create_date, modify_user, modify_date) VALUES (30000016, 30000002, 30000017, 1, 1, '0', 132456, CURRENT, 132456, CURRENT);
INSERT INTO copilot_profile (copilot_profile_id, user_id, copilot_profile_status_id, suspension_count, reliability, activation_date, show_copilot_earnings, create_user, create_date, update_user, update_date) VALUES (30000003, 132457, 1, 0, 57.0, '2015-01-06 18:43:21', 't', 132456, CURRENT, 132456, CURRENT);
INSERT INTO copilot_project (copilot_project_id, copilot_profile_id, tc_direct_project_id, copilot_type_id, copilot_project_status_id, private_project, create_user, create_date, modify_user, modify_date) VALUES (30000017, 30000003, 30000001, 1, 1, '0', 132456, CURRENT, 132456, CURRENT);
INSERT INTO copilot_project (copilot_project_id, copilot_profile_id, tc_direct_project_id, copilot_type_id, copilot_project_status_id, private_project, create_user, create_date, modify_user, modify_date) VALUES (30000018, 30000003, 30000008, 1, 1, '0', 132456, CURRENT, 132456, CURRENT);
INSERT INTO copilot_project (copilot_project_id, copilot_profile_id, tc_direct_project_id, copilot_type_id, copilot_project_status_id, private_project, create_user, create_date, modify_user, modify_date) VALUES (30000019, 30000003, 30000009, 1, 1, '0', 132456, CURRENT, 132456, CURRENT);
INSERT INTO copilot_project (copilot_project_id, copilot_profile_id, tc_direct_project_id, copilot_type_id, copilot_project_status_id, private_project, create_user, create_date, modify_user, modify_date) VALUES (30000020, 30000003, 30000014, 1, 1, '0', 132456, CURRENT, 132456, CURRENT);
INSERT INTO copilot_project (copilot_project_id, copilot_profile_id, tc_direct_project_id, copilot_type_id, copilot_project_status_id, private_project, create_user, create_date, modify_user, modify_date) VALUES (30000021, 30000003, 30000020, 1, 1, '0', 132456, CURRENT, 132456, CURRENT);
INSERT INTO copilot_project (copilot_project_id, copilot_profile_id, tc_direct_project_id, copilot_type_id, copilot_project_status_id, private_project, create_user, create_date, modify_user, modify_date) VALUES (30000022, 30000003, 30000021, 1, 1, '0', 132456, CURRENT, 132456, CURRENT);
INSERT INTO copilot_profile (copilot_profile_id, user_id, copilot_profile_status_id, suspension_count, reliability, activation_date, show_copilot_earnings, create_user, create_date, update_user, update_date) VALUES (30000004, 124835, 1, 0, 35.0, '2015-01-06 18:43:21', 't', 132456, CURRENT, 132456, CURRENT);
INSERT INTO copilot_project (copilot_project_id, copilot_profile_id, tc_direct_project_id, copilot_type_id, copilot_project_status_id, private_project, create_user, create_date, modify_user, modify_date) VALUES (30000023, 30000004, 30000007, 1, 1, '0', 132456, CURRENT, 132456, CURRENT);
INSERT INTO copilot_project (copilot_project_id, copilot_profile_id, tc_direct_project_id, copilot_type_id, copilot_project_status_id, private_project, create_user, create_date, modify_user, modify_date) VALUES (30000024, 30000004, 30000013, 1, 1, '0', 132456, CURRENT, 132456, CURRENT);
INSERT INTO copilot_project (copilot_project_id, copilot_profile_id, tc_direct_project_id, copilot_type_id, copilot_project_status_id, private_project, create_user, create_date, modify_user, modify_date) VALUES (30000025, 30000004, 30000018, 1, 1, '0', 132456, CURRENT, 132456, CURRENT);
INSERT INTO copilot_project (copilot_project_id, copilot_profile_id, tc_direct_project_id, copilot_type_id, copilot_project_status_id, private_project, create_user, create_date, modify_user, modify_date) VALUES (30000026, 30000004, 30000019, 1, 1, '0', 132456, CURRENT, 132456, CURRENT);
INSERT INTO copilot_project (copilot_project_id, copilot_profile_id, tc_direct_project_id, copilot_type_id, copilot_project_status_id, private_project, create_user, create_date, modify_user, modify_date) VALUES (30000027, 30000004, 30000020, 1, 1, '0', 132456, CURRENT, 132456, CURRENT);
INSERT INTO copilot_profile (copilot_profile_id, user_id, copilot_profile_status_id, suspension_count, reliability, activation_date, show_copilot_earnings, create_user, create_date, update_user, update_date) VALUES (30000005, 124766, 1, 0, 66.0, '2015-01-06 18:43:21', 't', 132456, CURRENT, 132456, CURRENT);
INSERT INTO copilot_project (copilot_project_id, copilot_profile_id, tc_direct_project_id, copilot_type_id, copilot_project_status_id, private_project, create_user, create_date, modify_user, modify_date) VALUES (30000028, 30000005, 30000002, 1, 1, '0', 132456, CURRENT, 132456, CURRENT);
INSERT INTO copilot_project (copilot_project_id, copilot_profile_id, tc_direct_project_id, copilot_type_id, copilot_project_status_id, private_project, create_user, create_date, modify_user, modify_date) VALUES (30000029, 30000005, 30000003, 1, 1, '0', 132456, CURRENT, 132456, CURRENT);
INSERT INTO copilot_project (copilot_project_id, copilot_profile_id, tc_direct_project_id, copilot_type_id, copilot_project_status_id, private_project, create_user, create_date, modify_user, modify_date) VALUES (30000030, 30000005, 30000004, 1, 1, '0', 132456, CURRENT, 132456, CURRENT);
INSERT INTO copilot_project (copilot_project_id, copilot_profile_id, tc_direct_project_id, copilot_type_id, copilot_project_status_id, private_project, create_user, create_date, modify_user, modify_date) VALUES (30000031, 30000005, 30000015, 1, 1, '0', 132456, CURRENT, 132456, CURRENT);
INSERT INTO copilot_profile (copilot_profile_id, user_id, copilot_profile_status_id, suspension_count, reliability, activation_date, show_copilot_earnings, create_user, create_date, update_user, update_date) VALUES (30000006, 124856, 1, 0, 56.0, '2015-01-06 18:43:21', 't', 132456, CURRENT, 132456, CURRENT);
INSERT INTO copilot_project (copilot_project_id, copilot_profile_id, tc_direct_project_id, copilot_type_id, copilot_project_status_id, private_project, create_user, create_date, modify_user, modify_date) VALUES (30000032, 30000006, 30000009, 1, 1, '0', 132456, CURRENT, 132456, CURRENT);
INSERT INTO copilot_project (copilot_project_id, copilot_profile_id, tc_direct_project_id, copilot_type_id, copilot_project_status_id, private_project, create_user, create_date, modify_user, modify_date) VALUES (30000033, 30000006, 30000010, 1, 1, '0', 132456, CURRENT, 132456, CURRENT);
INSERT INTO copilot_project (copilot_project_id, copilot_profile_id, tc_direct_project_id, copilot_type_id, copilot_project_status_id, private_project, create_user, create_date, modify_user, modify_date) VALUES (30000034, 30000006, 30000011, 1, 1, '0', 132456, CURRENT, 132456, CURRENT);
INSERT INTO copilot_project (copilot_project_id, copilot_profile_id, tc_direct_project_id, copilot_type_id, copilot_project_status_id, private_project, create_user, create_date, modify_user, modify_date) VALUES (30000035, 30000006, 30000018, 1, 1, '0', 132456, CURRENT, 132456, CURRENT);
INSERT INTO copilot_project (copilot_project_id, copilot_profile_id, tc_direct_project_id, copilot_type_id, copilot_project_status_id, private_project, create_user, create_date, modify_user, modify_date) VALUES (30000036, 30000006, 30000019, 1, 1, '0', 132456, CURRENT, 132456, CURRENT);
INSERT INTO copilot_profile (copilot_profile_id, user_id, copilot_profile_status_id, suspension_count, reliability, activation_date, show_copilot_earnings, create_user, create_date, update_user, update_date) VALUES (30000007, 124834, 1, 0, 34.0, '2015-01-06 18:43:21', 't', 132456, CURRENT, 132456, CURRENT);
INSERT INTO copilot_project (copilot_project_id, copilot_profile_id, tc_direct_project_id, copilot_type_id, copilot_project_status_id, private_project, create_user, create_date, modify_user, modify_date) VALUES (30000037, 30000007, 30000006, 1, 1, '0', 132456, CURRENT, 132456, CURRENT);
INSERT INTO copilot_project (copilot_project_id, copilot_profile_id, tc_direct_project_id, copilot_type_id, copilot_project_status_id, private_project, create_user, create_date, modify_user, modify_date) VALUES (30000038, 30000007, 30000008, 1, 1, '0', 132456, CURRENT, 132456, CURRENT);
INSERT INTO copilot_project (copilot_project_id, copilot_profile_id, tc_direct_project_id, copilot_type_id, copilot_project_status_id, private_project, create_user, create_date, modify_user, modify_date) VALUES (30000039, 30000007, 30000011, 1, 1, '0', 132456, CURRENT, 132456, CURRENT);
INSERT INTO copilot_project (copilot_project_id, copilot_profile_id, tc_direct_project_id, copilot_type_id, copilot_project_status_id, private_project, create_user, create_date, modify_user, modify_date) VALUES (30000040, 30000007, 30000012, 1, 1, '0', 132456, CURRENT, 132456, CURRENT);
INSERT INTO copilot_project (copilot_project_id, copilot_profile_id, tc_direct_project_id, copilot_type_id, copilot_project_status_id, private_project, create_user, create_date, modify_user, modify_date) VALUES (30000041, 30000007, 30000013, 1, 1, '0', 132456, CURRENT, 132456, CURRENT);
INSERT INTO copilot_project (copilot_project_id, copilot_profile_id, tc_direct_project_id, copilot_type_id, copilot_project_status_id, private_project, create_user, create_date, modify_user, modify_date) VALUES (30000042, 30000007, 30000016, 1, 1, '0', 132456, CURRENT, 132456, CURRENT);
UPDATE tc_direct_project set create_date = TO_DATE('2015-01-01 00:12:00', '%Y-%m-%d %H:%M:%S') - (project_id - 30000000)*23 units hour where project_id > 30000000 and project_id < 30001000;
UPDATE tc_direct_project set modify_date = TO_DATE('2015-01-01 00:18:00', '%Y-%m-%d %H:%M:%S') - ((project_id - 30000000) * 17) units hour where project_id > 30000000 and project_id < 30001000;
update tc_direct_project set project_status_id = (MOD(project_id, 5) + 1);
