INSERT INTO company (company_id, name, passcode, is_deleted, creation_date, creation_user, modification_date, modification_user) VALUES (40005501, 'Company 1', 'PASSCODE 1(40005501)', 0, CURRENT, 132456, CURRENT, 132456);
INSERT INTO payment_terms (payment_terms_id, description, creation_date, creation_user, modification_date, modification_user, active, term) VALUES (40005501, 'Payment Terms 1', CURRENT, 132456, CURRENT, 132456, 1, 1);
INSERT INTO client (client_id, name, company_id, payment_term_id, status, salestax, start_date, end_date, code_name, is_deleted, client_status_id, creation_date, creation_user, modification_date, modification_user) VALUES (40005501, 'Client 40005501', 40005501, 40005501, 1, 14.0, '2014-03-15 23:24:41', '2014-03-20 23:24:41', 'CodeName 1', 0, 1, CURRENT, 132456, CURRENT, 132456);
INSERT INTO client (client_id, name, company_id, payment_term_id, status, salestax, start_date, end_date, code_name, is_deleted, client_status_id, creation_date, creation_user, modification_date, modification_user) VALUES (40005502, 'Client 40005502', 40005501, 40005501, 1, 19.0, '2014-03-10 23:24:41', '2014-03-29 23:24:41', 'CodeName 2', 0, 1, CURRENT, 132456, CURRENT, 132456);
INSERT INTO project (project_id, company_id, name, active, sales_tax, po_box_number, payment_terms_id, description, start_date, end_date, project_status_id, client_id, parent_project_id, is_deleted, is_manual_prize_setting, budget, creation_date, creation_user, modification_date, modification_user) VALUES (40005501, 40005501, 'Client 40005501 Billing Account 1', 1, 32.0, 'PO BOX 40005501', 40005501, 'Client 40005501 Billing Account 1', '2014-03-15 23:24:41', '1974-04-18 21:31:37', 1, 40005501, null, 0, 0, 62309.0, CURRENT, 132456, CURRENT, 132456);
INSERT INTO client_project (client_id, project_id, creation_date, creation_user, modification_date, modification_user) VALUES (40005501, 40005501, CURRENT, 132456, CURRENT, 132456);
INSERT INTO project (project_id, company_id, name, active, sales_tax, po_box_number, payment_terms_id, description, start_date, end_date, project_status_id, client_id, parent_project_id, is_deleted, is_manual_prize_setting, budget, creation_date, creation_user, modification_date, modification_user) VALUES (40005502, 40005501, 'Client 40005501 Billing Account 2', 1, 33.0, 'PO BOX 40005502', 40005501, 'Client 40005501 Billing Account 2', '2014-03-13 23:24:41', '2002-08-24 21:31:37', 1, 40005501, null, 0, 0, 33606.0, CURRENT, 132456, CURRENT, 132456);
INSERT INTO client_project (client_id, project_id, creation_date, creation_user, modification_date, modification_user) VALUES (40005501, 40005502, CURRENT, 132456, CURRENT, 132456);
INSERT INTO project (project_id, company_id, name, active, sales_tax, po_box_number, payment_terms_id, description, start_date, end_date, project_status_id, client_id, parent_project_id, is_deleted, is_manual_prize_setting, budget, creation_date, creation_user, modification_date, modification_user) VALUES (40005503, 40005501, 'Client 40005502 Billing Account 1', 1, 28.0, 'PO BOX 40005503', 40005501, 'Client 40005502 Billing Account 1', '2014-03-10 23:24:41', '2055-12-02 10:28:09', 1, 40005502, null, 0, 0, 24493.0, CURRENT, 132456, CURRENT, 132456);
INSERT INTO client_project (client_id, project_id, creation_date, creation_user, modification_date, modification_user) VALUES (40005502, 40005503, CURRENT, 132456, CURRENT, 132456);
INSERT INTO project (project_id, company_id, name, active, sales_tax, po_box_number, payment_terms_id, description, start_date, end_date, project_status_id, client_id, parent_project_id, is_deleted, is_manual_prize_setting, budget, creation_date, creation_user, modification_date, modification_user) VALUES (40005504, 40005501, 'Client 40005502 Billing Account 2', 1, 16.0, 'PO BOX 40005504', 40005501, 'Client 40005502 Billing Account 2', '2014-03-15 23:24:41', '1982-12-15 21:31:37', 1, 40005502, null, 0, 0, 16008.0, CURRENT, 132456, CURRENT, 132456);
INSERT INTO client_project (client_id, project_id, creation_date, creation_user, modification_date, modification_user) VALUES (40005502, 40005504, CURRENT, 132456, CURRENT, 132456);
INSERT INTO user_account (user_account_id, company_id, account_status_id, user_name, password, creation_date, creation_user, modification_date, modification_user) VALUES (40005501, 40005501, 1, 'heffan', 'password', CURRENT, 132456, CURRENT, 132456);
INSERT INTO user_account (user_account_id, company_id, account_status_id, user_name, password, creation_date, creation_user, modification_date, modification_user) VALUES (40005502, 40005501, 1, 'user', 'password', CURRENT, 132456, CURRENT, 132456);
INSERT INTO user_account (user_account_id, company_id, account_status_id, user_name, password, creation_date, creation_user, modification_date, modification_user) VALUES (40005503, 40005501, 1, 'Yoshi', 'password', CURRENT, 132456, CURRENT, 132456);
INSERT INTO project_manager (project_id, user_account_id, pay_rate, cost, active, creation_date, creation_user, modification_date, modification_user) VALUES (40005501, 40005501, 46.0, 570.0, 1, CURRENT, 132456, CURRENT, 132456);
INSERT INTO project_manager (project_id, user_account_id, pay_rate, cost, active, creation_date, creation_user, modification_date, modification_user) VALUES (40005502, 40005501, 84.0, 405.0, 1, CURRENT, 132456, CURRENT, 132456);
INSERT INTO project_manager (project_id, user_account_id, pay_rate, cost, active, creation_date, creation_user, modification_date, modification_user) VALUES (40005503, 40005501, 91.0, 155.0, 1, CURRENT, 132456, CURRENT, 132456);
INSERT INTO project_manager (project_id, user_account_id, pay_rate, cost, active, creation_date, creation_user, modification_date, modification_user) VALUES (40005504, 40005501, 71.0, 367.0, 1, CURRENT, 132456, CURRENT, 132456);
INSERT INTO project_worker (project_id, user_account_id, pay_rate, cost, active, start_date, end_date,creation_date, creation_user, modification_date, modification_user) VALUES (40005501, 40005502, 63.0, 499.0, 1, '2014-03-15 23:24:41', '1974-04-18 21:31:37', CURRENT, 132456, CURRENT, 132456);
INSERT INTO project_worker (project_id, user_account_id, pay_rate, cost, active, start_date, end_date,creation_date, creation_user, modification_date, modification_user) VALUES (40005501, 40005503, 39.0, 85.0, 1, '2014-03-15 23:24:41', '1974-04-18 21:31:37', CURRENT, 132456, CURRENT, 132456);
INSERT INTO project_worker (project_id, user_account_id, pay_rate, cost, active, start_date, end_date,creation_date, creation_user, modification_date, modification_user) VALUES (40005502, 40005502, 16.0, 213.0, 1, '2014-03-13 23:24:41', '2002-08-24 21:31:37', CURRENT, 132456, CURRENT, 132456);
INSERT INTO project_worker (project_id, user_account_id, pay_rate, cost, active, start_date, end_date,creation_date, creation_user, modification_date, modification_user) VALUES (40005502, 40005503, 23.0, 287.0, 1, '2014-03-13 23:24:41', '2002-08-24 21:31:37', CURRENT, 132456, CURRENT, 132456);
INSERT INTO project_worker (project_id, user_account_id, pay_rate, cost, active, start_date, end_date,creation_date, creation_user, modification_date, modification_user) VALUES (40005503, 40005502, 36.0, 556.0, 1, '2014-03-10 23:24:41', '2055-12-02 10:28:09', CURRENT, 132456, CURRENT, 132456);
INSERT INTO project_worker (project_id, user_account_id, pay_rate, cost, active, start_date, end_date,creation_date, creation_user, modification_date, modification_user) VALUES (40005503, 40005503, 80.0, 273.0, 1, '2014-03-10 23:24:41', '2055-12-02 10:28:09', CURRENT, 132456, CURRENT, 132456);
INSERT INTO project_worker (project_id, user_account_id, pay_rate, cost, active, start_date, end_date,creation_date, creation_user, modification_date, modification_user) VALUES (40005504, 40005502, 47.0, 302.0, 1, '2014-03-15 23:24:41', '1982-12-15 21:31:37', CURRENT, 132456, CURRENT, 132456);
INSERT INTO project_worker (project_id, user_account_id, pay_rate, cost, active, start_date, end_date,creation_date, creation_user, modification_date, modification_user) VALUES (40005504, 40005503, 27.0, 977.0, 1, '2014-03-15 23:24:41', '1982-12-15 21:31:37', CURRENT, 132456, CURRENT, 132456);
